Date,Time,Id,ResidualNoWinsorCumReturn,RawNoWinsorCumReturn
20160714,16:00:00.000,IDZQ0003GF7,-0.00020179067,0.011014049
20160714,16:00:00.000,IDZQ00047M8,0.000103330545,-0.009833711
20160714,16:00:00.000,IDZQ00048R1,-9.394946e-05,-0.004348921
20160714,16:00:00.000,IDZQ0005R34,-0.0085956445,0.0007303308
20160714,16:00:00.000,IDZQ0005SC2,-0.0001861367,0.009169141
20160714,16:00:00.000,IDZQ0007ZC4,9.796734e-05,-0.0037478127
20160714,16:00:00.000,IDZQ0008WW8,0.011421753,0.024403887
20160714,16:00:00.000,IDZQ0009HH7,0.00024645997,-0.0096505275
20160714,16:00:00.000,IDZQ0009P98,-0.00013237531,0.004008795
20160714,16:00:00.000,IDZQ000BBR6,-0.00011387645,-0.00091976224
20160714,16:00:00.000,IDZQ000DWM3,-0.00013745105,-0.008619506
20160714,16:00:00.000,IDZQ000F3R0,5.3132535e-05,0.00324958
20160714,16:00:00.000,IDZQ000F8T7,0.0026393211,0.02006878
20160714,16:00:00.000,IDZQ000FLJ9,0.0054857167,-0.0107214125
20160714,16:00:00.000,IDZQ000KL21,6.559479e-05,-0.0023217269
20160714,16:00:00.000,IDZQ000M533,-0.00015688592,0.010463493
20160714,16:00:00.000,IDZQ000MKV9,-0.00018025859,-0.00049312995
20160714,16:00:00.000,IDZQ000MVL6,0.00040317516,-0.009022548
20160714,16:00:00.000,IDZQ000MWP0,7.636264e-05,0.0032138235
20160714,16:00:00.000,IDZQ000PTP4,-2.3801671e-05,-0.0041574617
20160714,16:00:00.000,IDZQ000Q012,-0.011701715,-0.008325955
20160714,16:00:00.000,IDZQ000QHK4,-0.008588393,0.0007487232
20160714,16:00:00.000,IDZQ000TWT9,4.976707e-06,0.01765593
20160714,16:00:00.000,IDZQ000VT77,0.016739875,0.03501064
20160714,16:00:00.000,IDZQ000WBV8,-0.00026588162,0.0018516326
20160714,16:00:00.000,IDZQ000WDG1,0.0029714063,0.0066269166
20160714,16:00:00.000,IDZQ000WYN7,-0.00049891754,0.008550655
20160714,16:00:00.000,IDZQ000X6D8,-0.0001660736,2.6784037e-06
20160714,16:00:00.000,IDZQ000X8Q0,-0.0019650625,0.022654975
20160714,16:00:00.000,IDZQ000XJ04,-0.0003886761,0.01577948
20160714,16:00:00.000,IDZQ000XSY7,-0.00014200996,-0.0026107312
20160714,16:00:00.000,IDZQ000XWR6,-0.00038419155,0.0063942564
20160714,16:00:00.000,IDZQ000Y0W9,9.507185e-06,-0.0029571939
20160714,16:00:00.000,IDZQ000Y7B7,-0.0001556128,0.011053153
20160714,16:00:00.000,IDZQ000Y8Q9,-5.6237976e-05,-0.00022709384
20160714,16:00:00.000,IDZQ000YB91,-0.00026225022,-0.0026535168
20160714,16:00:00.000,IDZQ000YDZ8,-0.005410905,0.015655097
20160714,16:00:00.000,IDZQ000Z3V3,-0.0004393813,0.017376034
20160714,16:00:00.000,IDZQ000Z3Z9,0.0003218034,-0.019622907
20160714,16:00:00.000,IDZQ000Z9D0,-0.00057863945,0.027495272
20160714,16:00:00.000,IDZQ000ZKM5,-7.206846e-05,0.0012574423
20160714,16:00:00.000,IDZQ000ZTH2,0.0046849223,0.028125986
20160714,16:00:00.000,ID000BC0991,0.011461702,-0.0018587721
20160714,16:00:00.000,ID000BC0KZ7,-0.000111298585,0.0030504619
20160714,16:00:00.000,ID000BC0QR3,-0.00010766762,-0.006126148
20160714,16:00:00.000,ID000BC1099,-0.00010123689,-0.0065419567
20160714,16:00:00.000,ID000BC12C1,7.3028095e-06,0.018234301
20160714,16:00:00.000,ID000BC1543,-0.0003642886,0.0048363
20160714,16:00:00.000,ID000BC15X1,9.478362e-06,-0.009978954
20160714,16:00:00.000,ID000BC1801,0.00024344433,0.00087778614
20160714,16:00:00.000,ID000BC1FY8,0.00013796173,-0.01203465
20160714,16:00:00.000,ID000BC1HT0,-0.0061972435,0.007586078
20160714,16:00:00.000,ID000BC1RY2,-0.00016271441,-0.003277903
20160714,16:00:00.000,ID000BC2356,-0.0012289825,0.012054792
20160714,16:00:00.000,ID000BC3676,0.0004765399,-0.003852238
20160714,16:00:00.000,ID000BC3SD1,0.0045294203,0.013235615
20160714,16:00:00.000,ID000BC3V44,0.002053824,0.004002568
20160714,16:00:00.000,ID000BC49N1,9.181109e-05,-0.014424645
20160714,16:00:00.000,ID000BC4N05,-0.0006241097,-0.0015572569
20160714,16:00:00.000,ID000BC4VC4,9.157609e-05,0.0028103848
20160714,16:00:00.000,ID000BC4WR6,-0.0003467681,-0.0067896545
20160714,16:00:00.000,ID000BC6J11,0.017596217,0.024568489
20160714,16:00:00.000,ID000BC6K90,-0.004444291,0.017170291
20160714,16:00:00.000,ID000BC6TT9,0.006203657,0.021879312
20160714,16:00:00.000,ID000BC75Z3,-8.1340535e-05,0.003867331
20160714,16:00:00.000,ID000BC7PK5,0.00013177108,-0.0029953015
20160714,16:00:00.000,ID000BC7QR6,0.039926194,0.048223384
20160714,16:00:00.000,ID000BC7RM9,-0.0077502863,0.0028354945
20160714,16:00:00.000,ID000BC7ZT4,-0.0002876495,0.012902329
20160714,16:00:00.000,ID000BC80Q3,0.016249306,0.018249057
20160714,16:00:00.000,ID000BC8494,-0.00013382199,0.014520952
20160714,16:00:00.000,ID000BC8564,0.003938463,0.010142151
20160714,16:00:00.000,ID000BC85Z2,-8.8855595e-05,-0.0013330872
20160714,16:00:00.000,ID000BC8699,-3.4548135e-05,-0.007283776
20160714,16:00:00.000,ID000BC8CB3,8.6660686e-05,0.0032299515
20160714,16:00:00.000,ID000BC8GG9,-7.6094744e-05,0.0073565473
20160714,16:00:00.000,ID000BC8JQ2,-0.00042293902,0.009728959
20160714,16:00:00.000,ID000BC8MY6,0.04434324,0.060117036
20160714,16:00:00.000,ID000BC9821,-2.4544863e-05,-0.0077150594
20160714,16:00:00.000,ID000BC9LX8,0.00013307133,-0.007931261
20160714,16:00:00.000,ID000BC9P50,-0.000117287644,0.020054014
20160714,16:00:00.000,ID000BC9YD2,-0.006023191,-0.0006659065
20160714,16:00:00.000,ID000BC9Z85,0.002002973,-0.0049742907
20160714,16:00:00.000,ID000BC9ZX7,-1.9938285e-05,-0.009335654
20160714,16:00:00.000,ID000BCB2K1,0.00019586446,-0.01165763
20160714,16:00:00.000,ID000BCBT22,0.016960423,0.01123456
20160714,16:00:00.000,ID000BCCFR4,-0.00018820609,-0.007003755
20160714,16:00:00.000,ID000BCCK93,0.00024895795,-0.013921069
20160714,16:00:00.000,ID000BCCNC3,-0.0002473599,0.005781256
20160714,16:00:00.000,ID000BCCRV3,0.0015610213,0.012569419
20160714,16:00:00.000,ID000BCD7C7,-0.00035672804,0.009955843
20160714,16:00:00.000,ID000BCD988,-5.7057445e-05,-3.445518e-05
20160714,16:00:00.000,ID000BCDPP3,-0.00040620955,0.018669449
20160714,16:00:00.000,ID000BCDYD7,0.00037896013,0.00051605946
20160714,16:00:00.000,ID000BCFRC1,-0.00014101439,-0.0059439354
20160714,16:00:00.000,ID000BCFVJ5,0.00029291483,-0.007631192
20160714,16:00:00.000,ID000BCFY18,-2.4084566e-05,0.005225055
20160714,16:00:00.000,ID000BCGSR2,-0.00016955372,-0.002875815
20160714,16:00:00.000,ID000BCGVJ4,0.0010209717,0.0051153614
20160714,16:00:00.000,ID000BCGWQ4,-0.00083864114,0.013776748
20160714,16:00:00.000,ID000BCGY80,-0.00014382356,0.0141880745
20160714,16:00:00.000,ID000BCH216,-0.00027478213,0.01103816
20160714,16:00:00.000,ID000BCH458,0.0027840235,0.023604197
20160714,16:00:00.000,ID000BCHRB0,0.00011509654,-0.011338702
20160714,16:00:00.000,ID000BCHVK1,-0.00016076348,-0.0028714943
20160714,16:00:00.000,ID000BCL3M6,-0.007652296,-0.024823105
20160714,16:00:00.000,ID000BCLVP1,0.00064103206,-0.007740464
20160714,16:00:00.000,ID000BCN0T3,-0.00017788018,0.0021153395
20160714,16:00:00.000,ID000BCNNX8,0.00033913355,-0.0002335283
20160714,16:00:00.000,ID000BCQ2W2,-3.1568117e-05,-0.0013425534
20160714,16:00:00.000,ID000BCQ3H7,0.00016916345,0.014102744
20160714,16:00:00.000,ID000BCR5S9,-0.00053956825,0.010108814
20160714,16:00:00.000,ID000BCS4S1,8.421802e-05,-0.011053885
20160714,16:00:00.000,ID000BCXH60,0.00023265967,-0.00906697
20160714,16:00:00.000,ID000BCYWV8,-0.00040921365,0.018614851
20160714,16:00:00.000,ID000BCZ2C4,-0.00018487222,0.009104333
20160714,16:00:00.000,ID000BD0F95,0.008010838,0.013708206
20160714,16:00:00.000,ID000BD0QS0,0.0001258739,0.0032913755
20160714,16:00:00.000,ID000BD3RV1,-0.011945747,-0.015024553
20160714,16:00:00.000,ID000BD41Z3,-0.0009636643,-0.008086089
20160714,16:00:00.000,ID000BD4L52,0.0022803354,0.014247625
20160714,16:00:00.000,ID000BD4S48,-0.012997907,-0.011429147
20160714,16:00:00.000,ID000BD53L3,0.00070724444,0.011137285
20160714,16:00:00.000,ID000BD5B99,-0.00015674157,-0.012715052
20160714,16:00:00.000,ID000BD5T18,-0.003286838,-0.008318135
20160714,16:00:00.000,ID000BD61J9,0.005171267,0.005376214
20160714,16:00:00.000,ID000BD6CZ7,0.0066731833,0.005266331
20160714,16:00:00.000,ID000BD6ZN9,0.00686273,0.0018992536
20160714,16:00:00.000,ID000BD78R4,2.064586e-05,-0.000606385
20160714,16:00:00.000,ID000BD7BN1,-0.006486183,0.000701499
20160714,16:00:00.000,ID000BD7MQ4,-0.0056568473,-0.013885094
20160714,16:00:00.000,ID000BD7YK4,0.0049083065,0.015444125
20160714,16:00:00.000,ID000BD8BK3,0.00025508986,-0.009119419
20160714,16:00:00.000,ID000BD8PZ6,-0.0040250868,-0.009403981
20160714,16:00:00.000,ID000BD8XM3,-0.008408181,-0.015105859
20160714,16:00:00.000,ID000BD9DM6,-0.008599022,0.004355434
20160714,16:00:00.000,ID000BD9DR1,0.0105426,0.016806927
20160714,16:00:00.000,ID000BDBL90,0.00027496726,0.0012801527
20160714,16:00:00.000,ID000BDBZC5,-0.045327034,-0.04905586
20160714,16:00:00.000,ID000BDCBX4,-0.0001542014,-0.0011940313
20160714,16:00:00.000,ID000BDCH16,-0.00047692764,0.006204299
20160714,16:00:00.000,ID000BDCKP3,0.013785951,0.0031991457
20160714,16:00:00.000,ID000BDCMJ6,-0.015654381,-0.0094292965
20160714,16:00:00.000,ID000BDCZY0,-0.01894749,-0.018891085
20160714,16:00:00.000,ID000BDDZJ6,-0.018713484,-0.03311834
20160714,16:00:00.000,ID000BDFK70,-0.001646953,-0.0015653556
20160714,16:00:00.000,ID000BDG288,0.0033813498,0.00019173227
20160714,16:00:00.000,ID000BDGWC7,0.0023839308,0.008152957
20160714,16:00:00.000,ID000BDK0S5,-0.010495913,-0.007554964
20160714,16:00:00.000,ID000BDK6Y5,-0.0004865402,0.013109051
20160714,16:00:00.000,ID000BDKG46,0.00292487,-0.0061155716
20160714,16:00:00.000,ID000BDKL54,-0.02431697,-0.0220688
20160714,16:00:00.000,ID000BDKP82,0.0018034339,-0.00094227545
20160714,16:00:00.000,ID000BDLN40,0.0001719506,0.0010475816
20160714,16:00:00.000,ID000BDLSV9,0.006025993,-0.0005667403
20160714,16:00:00.000,ID000BDN9L0,0.0015137839,0.006266586
20160714,16:00:00.000,ID000BDNCX0,0.005414791,-0.003949191
20160714,16:00:00.000,ID000BDNRP6,0.0046436205,0.008367312
20160714,16:00:00.000,ID000BDQBV1,0.010225776,0.02115324
20160714,16:00:00.000,ID000BDQGD0,-0.003750364,0.010496024
20160714,16:00:00.000,ID000BDR7T2,-0.0012691474,0.004502839
20160714,16:00:00.000,ID000BDSDZ1,0.00042256742,-0.0028082607
20160714,16:00:00.000,ID000BDT1M0,0.005458748,0.000121852434
20160714,16:00:00.000,ID000BDT426,-0.00034409118,0.009442504
20160714,16:00:00.000,ID000BDTRH9,-0.017540066,-0.019167464
20160714,16:00:00.000,ID000BDVFM6,0.0074360655,0.0016241936
20160714,16:00:00.000,ID000BDWPB5,0.005926875,0.0009684035
20160714,16:00:00.000,ID000BDX9Q4,-0.005340569,-0.00038652902
20160714,16:00:00.000,ID000BDXB89,-2.6127207e-06,0.0023025968
20160714,16:00:00.000,ID000BDXYS7,0.025954792,0.009906457
20160714,16:00:00.000,ID000BDY2S6,0.0011711129,0.008496522
20160714,16:00:00.000,ID000BDY689,0.0014415499,0.00096277613
20160714,16:00:00.000,ID000BDY849,-0.005394416,-0.016620126
20160714,16:00:00.000,ID000BDYN37,0.010433624,0.026965352
20160714,16:00:00.000,ID000BDZHL9,-0.013128464,-0.006610547
20160714,16:00:00.000,ID000BDZQF6,-0.00022776035,0.0034795431
20160714,16:00:00.000,ID000BDZZ11,0.0023033638,-0.0029309408
20160714,16:00:00.000,ID000BF00N7,0.0023882391,0.03054499
20160714,16:00:00.000,ID000BF0KC5,0.007715379,0.003672078
20160714,16:00:00.000,ID000BF0SZ3,0.005779278,0.011820341
20160714,16:00:00.000,ID000BF1421,6.3962645e-05,0.003920412
20160714,16:00:00.000,ID000BF1L50,-0.007189454,-0.0020454214
20160714,16:00:00.000,ID000BF1LB3,2.3939308e-05,-0.004260006
20160714,16:00:00.000,ID000BF1NP4,0.012860183,0.023016348
20160714,16:00:00.000,ID000BF1SB8,0.0066797026,0.0037093584
20160714,16:00:00.000,ID000BF1TX2,0.00047258526,-0.00028406514
20160714,16:00:00.000,ID000BF20J0,-7.711081e-05,0.0072868816
20160714,16:00:00.000,ID000BF21F2,0.003831694,-0.0053690416
20160714,16:00:00.000,ID000BF2DL9,-0.007814033,-0.00461602
20160714,16:00:00.000,ID000BF2M20,0.009139334,0.008988149
20160714,16:00:00.000,ID000BF2PM1,0.0016959363,0.009917925
20160714,16:00:00.000,ID000BF33F7,0.003820587,-0.005786442
20160714,16:00:00.000,ID000BF3RF4,0.012439628,0.015192999
20160714,16:00:00.000,ID000BF46K3,0.0011548665,-0.0013222487
20160714,16:00:00.000,ID000BF4HM7,0.0017089286,0.0013789036
20160714,16:00:00.000,ID000BF5GH4,0.006014434,0.015437524
20160714,16:00:00.000,ID000BF66X7,-0.001044281,-0.011300198
20160714,16:00:00.000,ID000BF69X1,-0.012913821,-0.017914893
20160714,16:00:00.000,ID000BF82S0,0.016932607,0.022736944
20160714,16:00:00.000,ID000BF8LY1,0.007874715,0.0237004
20160714,16:00:00.000,ID000BFD9S9,0.007893384,0.008058997
20160714,16:00:00.000,ID000BFFXZ6,-0.00032894837,0.016481856
20160714,16:00:00.000,ID000BFHC62,-1.5196504e-05,-0.00034121796
20160714,16:00:00.000,ID000BFKBQ8,-0.00018206157,0.0040596058
20160714,16:00:00.000,ID000BFL9V6,-0.004848511,-0.008985273
20160714,16:00:00.000,ID000BFLD92,0.013315443,0.003533345
20160714,16:00:00.000,ID000BFPL36,0.0023968313,-0.013589837
20160714,16:00:00.000,ID000BFR0X7,-0.004897087,-0.0059969933
20160714,16:00:00.000,ID000BFT9L9,-0.010875674,-0.0022532896
20160714,16:00:00.000,ID000BFW7B0,-0.00016216139,0.010103293
20160714,16:00:00.000,ID000BFYPV6,0.0021248364,-0.007880296
20160714,16:00:00.000,ID000BG2VZ2,-0.0032270877,-0.008719102
20160714,16:00:00.000,ID000BG5PH2,0.00035351273,-0.0094582755
20160714,16:00:00.000,ID000BG5TK0,3.3172073e-05,0.0067062685
20160714,16:00:00.000,ID000BG7DY8,-0.0030803087,0.010924155
20160714,16:00:00.000,ID000BG7F82,-0.01901825,-0.004969991
20160714,16:00:00.000,ID000BG9653,0.00025131556,0.004590886
20160714,16:00:00.000,ID000BG97J6,-0.00020324289,0.009602775
20160714,16:00:00.000,ID000BG9MW8,0.000429873,-0.005544889
20160714,16:00:00.000,ID000BGD890,-0.00020769433,0.0043638293
20160714,16:00:00.000,ID000BGG8Z8,-0.015111056,-0.002891834
20160714,16:00:00.000,ID000BGKM37,0.008340312,0.019203957
20160714,16:00:00.000,ID000BGKW17,0.00059700955,-0.0027976676
20160714,16:00:00.000,ID000BGN3C6,-0.000693048,0.005846994
20160714,16:00:00.000,ID000BGP5K0,0.0011286753,-0.006925955
20160714,16:00:00.000,ID000BGRXM5,-6.615558e-05,-0.0006613237
20160714,16:00:00.000,ID000BGX6S1,-0.00037756303,0.012874161
20160714,16:00:00.000,ID000BGX8G0,-0.00022476623,0.0066020316
20160714,16:00:00.000,ID000BGXTP4,-6.7075416e-05,0.0033499233
20160714,16:00:00.000,ID000BH0HG4,0.00018234992,-0.0036225289
20160714,16:00:00.000,ID000BH2X22,-0.00027535495,-0.006235166
20160714,16:00:00.000,ID000BH5600,0.0002640245,-0.019272536
20160714,16:00:00.000,ID000BH6SN6,-7.816485e-05,0.0058934554
20160714,16:00:00.000,ID000BHBQ09,1.5707803e-05,-0.003324385
20160714,16:00:00.000,ID000BHHJP2,4.1784035e-05,0.0015112087
20160714,16:00:00.000,ID000BHK9M3,-0.002670781,0.002051139
20160714,16:00:00.000,ID000BHPQF8,4.441127e-05,0.007945437
20160714,16:00:00.000,ID000BHPST9,0.0049326858,0.021134004
20160714,16:00:00.000,ID000BHQGZ7,0.0028738684,0.005886805
20160714,16:00:00.000,ID000BHWWK1,8.252496e-05,0.0070871823
20160714,16:00:00.000,ID000BHX2C5,0.00012938162,0.008050708
20160714,16:00:00.000,ID000BHXCG9,-0.00020430758,0.010731408
20160714,16:00:00.000,ID000BJ0CP1,0.0002991605,-0.007179272
20160714,16:00:00.000,ID000BJBJM7,-0.00051880564,0.007435596
20160714,16:00:00.000,ID000BJKZ32,0.010391612,0.014112961
20160714,16:00:00.000,ID000BJNC94,0.000322192,-0.0053404295
20160714,16:00:00.000,ID000BJNP59,0.00022812992,-0.0028712945
20160714,16:00:00.000,ID000BJW6Q8,0.004291794,-0.0012882317
20160714,16:00:00.000,ID000BKD1G8,0.00063891173,-0.020419093
20160714,16:00:00.000,ID000BKD7J2,-0.00021617695,0.019876013
20160714,16:00:00.000,ID000BKFLX3,0.0024433082,-0.010300501
20160714,16:00:00.000,ID000BKFP37,0.043986954,0.054944094
20160714,16:00:00.000,ID000BKH1G4,0.0078074737,0.0028824797
20160714,16:00:00.000,ID000BKMDB7,-0.0003357074,0.0011731673
20160714,16:00:00.000,ID000BKPC35,-9.312455e-05,-0.0028933205
20160714,16:00:00.000,ID000BKTKV2,-0.0139125595,-0.0032456762
20160714,16:00:00.000,ID000BL4Y74,0.0025754352,-0.0017292552
20160714,16:00:00.000,ID000BL7S92,-2.4175139e-05,0.007895289
20160714,16:00:00.000,ID000BLBQW5,4.157774e-05,0.007784606
20160714,16:00:00.000,ID000BLCJ23,-0.008349406,0.001022423
20160714,16:00:00.000,ID000BLD1M9,0.00028642773,0.0041473997
20160714,16:00:00.000,ID000BLDDC4,0.011864095,0.0112157455
20160714,16:00:00.000,ID000BLGLP9,-0.000107767184,0.0074642794
20160714,16:00:00.000,ID000BLHQ59,0.005621275,-0.008067443
20160714,16:00:00.000,ID000BLL8D5,-0.00023214056,0.0071895197
20160714,16:00:00.000,ID000BLLHB7,-0.0038712185,0.0141612645
20160714,16:00:00.000,ID000BLNNJ4,-0.00023844179,0.022422904
20160714,16:00:00.000,ID000BLR8K1,-0.00043734108,-0.005961932
20160714,16:00:00.000,ID000BLV8N3,-2.459053e-06,-0.003448489
20160714,16:00:00.000,ID000BLW594,-1.1234538e-05,0.0017533923
20160714,16:00:00.000,ID000BLZXN4,-3.3528235e-05,0.0073301187
20160714,16:00:00.000,ID000BM6HN9,0.0014223098,-0.0016345159
20160714,16:00:00.000,ID000BM9J25,-0.00019458054,-0.0065160696
20160714,16:00:00.000,ID000BM9V55,-0.00021260168,0.012201788
20160714,16:00:00.000,ID000BMDJJ2,6.867068e-05,-0.0004365632
20160714,16:00:00.000,ID000BMHW18,-0.0006270083,-0.0035230706
20160714,16:00:00.000,ID000BMJCK9,0.00018430084,-0.013440626
20160714,16:00:00.000,ID000BMJGN7,-0.0028235826,0.008178817
20160714,16:00:00.000,ID000BMLWY7,-0.0016161759,-0.005476114
20160714,16:00:00.000,ID000BMP3T3,7.927979e-05,-0.010760173
20160714,16:00:00.000,ID000BMQRH2,-0.0053064157,-0.017820245
20160714,16:00:00.000,ID000BMT5N0,0.0002052448,0.0010520688
20160714,16:00:00.000,ID000BMV1Z3,0.06410541,0.08255032
20160714,16:00:00.000,ID000BMVWD9,-0.0004938179,0.018490968
20160714,16:00:00.000,ID000BMW3R7,0.00012169342,-0.001287738
20160714,16:00:00.000,ID000BMWHC2,-1.7606562e-05,0.0059206076
20160714,16:00:00.000,ID000BMWK62,-0.0021006716,-0.0036485593
20160714,16:00:00.000,ID000BMX6S8,0.00028478724,-0.01577314
20160714,16:00:00.000,ID000BMXF26,8.47447e-05,0.010173702
20160714,16:00:00.000,ID000BMZ8K0,-0.00040624494,0.005014238
20160714,16:00:00.000,ID000BMZMX5,0.00065348524,0.009527617
20160714,16:00:00.000,ID000BN08S8,-0.005881667,-0.004870204
20160714,16:00:00.000,ID000BN0P46,0.010097542,0.015284671
20160714,16:00:00.000,ID000BN1RD1,1.6132093e-05,-0.0037473761
20160714,16:00:00.000,ID000BN6DP4,-0.00014819266,0.006202773
20160714,16:00:00.000,ID000BN71Y9,0.00039231573,-0.005869548
20160714,16:00:00.000,ID000BN7570,0.005089143,0.00016978424
20160714,16:00:00.000,ID000BNKLQ9,0.00016952024,0.0010847106
20160714,16:00:00.000,ID000BNP1C3,-0.00038282946,-0.00070710503
20160714,16:00:00.000,ID000BNP507,0.00031679278,-0.009839494
20160714,16:00:00.000,ID000BNV243,0.0001131149,-0.003753187
20160714,16:00:00.000,ID000BNZT31,0.018770088,0.016252236
20160714,16:00:00.000,ID000BP01L5,-0.00011866718,0.0017573395
20160714,16:00:00.000,ID000BP3T31,-0.008172273,-0.020152066
20160714,16:00:00.000,ID000BP5GK8,-0.00014363955,-0.0057289847
20160714,16:00:00.000,ID000BP72Q1,-0.0002740402,0.010180524
20160714,16:00:00.000,ID000BPCK94,-2.3756475e-05,-0.00029201267
20160714,16:00:00.000,ID000BPFPK7,0.010736995,0.0034239076
20160714,16:00:00.000,ID000BPL8W5,-0.0063778185,0.002459488
20160714,16:00:00.000,ID000BPMLL7,6.137744e-05,-0.0058486476
20160714,16:00:00.000,ID000BPMS69,-7.49676e-05,0.005087865
20160714,16:00:00.000,ID000BPQF36,0.0012022153,-0.0004119616
20160714,16:00:00.000,ID000BPWG46,-6.531242e-05,0.0040907785
20160714,16:00:00.000,ID000BPXH52,-0.0004179074,0.013529175
20160714,16:00:00.000,ID000BPY717,-0.0005086606,0.010834526
20160714,16:00:00.000,ID000BPYXW6,-1.7341876e-05,0.011200232
20160714,16:00:00.000,ID000BQ49H7,5.3437507e-05,-3.392702e-05
20160714,16:00:00.000,ID000BQ4CR9,-0.00033059722,0.0038745375
20160714,16:00:00.000,ID000BQ5YC6,-0.00030819766,0.0114009995
20160714,16:00:00.000,ID000BQ5YP2,7.199105e-05,0.011544975
20160714,16:00:00.000,ID000BQB1D0,3.386114e-05,-0.0019851811
20160714,16:00:00.000,ID000BQB9Y0,-0.00020903126,0.0048732013
20160714,16:00:00.000,ID000BQGRK0,0.0004954267,0.023484733
20160714,16:00:00.000,ID000BQGTY1,-0.00041371744,0.008779096
20160714,16:00:00.000,ID000BQHGF9,0.00028335748,-0.0103013655
20160714,16:00:00.000,ID000BQNK27,-0.00024824505,0.006125216
20160714,16:00:00.000,ID000BQNKM5,0.001210849,0.003954859
20160714,16:00:00.000,ID000BQPF08,-8.273817e-05,0.0014883149
20160714,16:00:00.000,ID000BQXJ29,-0.0002945636,0.013323961
20160714,16:00:00.000,ID000BQXQP8,-0.0005171643,0.019411892
20160714,16:00:00.000,ID000BQY715,-0.02099409,-0.019703528
20160714,16:00:00.000,ID000BR0GF5,-0.00018441684,0.00670101
20160714,16:00:00.000,ID000BR5SD6,-0.0005194831,0.016705485
20160714,16:00:00.000,ID000BR7M47,-0.01915114,-0.011150284
20160714,16:00:00.000,ID000BR8552,0.0005333511,-0.009885935
20160714,16:00:00.000,ID000BRFCC1,0.0068810442,0.004110055
20160714,16:00:00.000,ID000BRJTZ5,-0.00039207513,0.009357351
20160714,16:00:00.000,ID000BRMNW7,0.016014537,0.02468532
20160714,16:00:00.000,ID000BRP3G6,-3.8387712e-05,0.014498649
20160714,16:00:00.000,ID000BRPP68,-0.00021195169,-0.0031917833
20160714,16:00:00.000,ID000BRVG61,0.015769904,0.011812494
20160714,16:00:00.000,ID000BRX5L6,0.00015938733,-0.0034151736
20160714,16:00:00.000,ID000BRYT24,-0.004260426,-0.004125056
20160714,16:00:00.000,ID000BS0RG8,-3.8601935e-05,0.0028151663
20160714,16:00:00.000,ID000BS1MT4,-0.008108312,0.005117905
20160714,16:00:00.000,ID000BS1P17,7.3387775e-05,0.013032616
20160714,16:00:00.000,ID000BS3BJ7,-0.0064545358,-0.004613467
20160714,16:00:00.000,ID000BS3KW2,-0.0004818324,0.009549382
20160714,16:00:00.000,ID000BS3YF1,0.0052438895,0.0022691586
20160714,16:00:00.000,ID000BS4849,0.03786322,0.05593053
20160714,16:00:00.000,ID000BS5F15,0.0046378095,-0.010734631
20160714,16:00:00.000,ID000BS64Z2,-0.00023115925,0.010787437
20160714,16:00:00.000,ID000BS67L0,0.0007782321,-0.004248956
20160714,16:00:00.000,ID000BS6936,-0.0028348428,-0.008967797
20160714,16:00:00.000,ID000BSCY61,-0.00026240404,0.015469858
20160714,16:00:00.000,ID000BSDBR7,-2.9843251e-05,0.00957244
20160714,16:00:00.000,ID000BSFTZ7,2.3018034e-05,-0.0008294434
20160714,16:00:00.000,ID000BSJVR7,-4.335728e-05,-0.0009333695
20160714,16:00:00.000,ID000BSK6S9,-0.00060310744,0.016721802
20160714,16:00:00.000,ID000BSNX70,-0.0001786675,0.011348362
20160714,16:00:00.000,ID000BSP5X0,0.00029979527,-0.00404156
20160714,16:00:00.000,ID000BSV6W2,0.008422903,0.012904641
20160714,16:00:00.000,ID000BSX0W3,-0.0075882203,-0.008547417
20160714,16:00:00.000,ID000BSYWP0,-0.0006770107,0.012510822
20160714,16:00:00.000,ID000BT0ZM1,-0.0030477385,0.004640912
20160714,16:00:00.000,ID000BTBVC9,-0.0004000103,0.008207857
20160714,16:00:00.000,ID000BTC786,-0.00015271157,-0.011807352
20160714,16:00:00.000,ID000BTG0S5,-0.0039509432,-0.0066911224
20160714,16:00:00.000,ID000BTHT38,1.447588e-05,0.008840947
20160714,16:00:00.000,ID000BTT6G1,0.00017119796,-0.00964704
20160714,16:00:00.000,ID000BTVMD6,0.00452401,0.006293701
20160714,16:00:00.000,ID000BV1FV9,-0.009530607,-0.0023792356
20160714,16:00:00.000,ID000BV2V61,0.0061613484,0.007983477
20160714,16:00:00.000,ID000BV7WV6,0.015302831,0.009622663
20160714,16:00:00.000,ID000BVCK82,4.4631877e-05,0.0010141607
20160714,16:00:00.000,ID000BVDZV2,-0.0001471698,0.010450794
20160714,16:00:00.000,ID000BVGYM2,-0.00010224664,-0.0016017443
20160714,16:00:00.000,ID000BVPSS9,-0.000365166,0.020093728
20160714,16:00:00.000,ID000BVPZL0,-0.00059917534,0.01920553
20160714,16:00:00.000,ID000BVQ866,-4.6192177e-05,-0.007901912
20160714,16:00:00.000,ID000BVQZ75,-0.00042985138,0.007085801
20160714,16:00:00.000,ID000BVTFV9,8.330253e-05,0.009204361
20160714,16:00:00.000,ID000BVTMG1,-0.006588799,-0.0053958967
20160714,16:00:00.000,ID000BVTTJ3,-0.00012401036,0.012792587
20160714,16:00:00.000,ID000BW1RD1,0.00035991194,-0.01099028
20160714,16:00:00.000,ID000BW4519,-0.00012102991,0.007590157
20160714,16:00:00.000,ID000BW4QS4,0.00020567856,-0.00049773837
20160714,16:00:00.000,ID000BW6697,-0.01304385,0.00076555053
20160714,16:00:00.000,ID000BWBBF3,0.0003223592,-0.004735935
20160714,16:00:00.000,ID000BWF7C1,0.022929115,0.033322625
20160714,16:00:00.000,ID000BWH908,0.0006390531,-0.012603732
20160714,16:00:00.000,ID000BWKSN7,-0.0001939787,0.013116639
20160714,16:00:00.000,ID000BWPGB1,0.00021119924,-0.00074642495
20160714,16:00:00.000,ID000BWPKS4,0.00017522572,-0.0036716342
20160714,16:00:00.000,ID000BWQ506,0.018241975,0.014754722
20160714,16:00:00.000,ID000BWYKD0,0.00036427108,-0.016912274
20160714,16:00:00.000,ID000BWZDP2,-0.00038153038,0.012575175
20160714,16:00:00.000,ID000BX25G3,-0.0003658487,-0.0078052487
20160714,16:00:00.000,ID000BX2SH2,-0.0002573049,0.0022036734
20160714,16:00:00.000,ID000BX3LS4,-0.00036935371,-0.00809758
20160714,16:00:00.000,ID000BX4S53,-0.0013964926,-0.0036586914
20160714,16:00:00.000,ID000BX7J69,0.0010805379,-0.0005081773
20160714,16:00:00.000,ID000BX9VY9,0.0059689274,0.020542825
20160714,16:00:00.000,ID000BXF9J8,-0.0034610764,-0.002595467
20160714,16:00:00.000,ID000BXH3S9,0.00036627718,-0.010577833
20160714,16:00:00.000,ID000BXJSZ4,-0.0421982,-0.050789468
20160714,16:00:00.000,ID000BXNGD9,-0.000180643,0.012567278
20160714,16:00:00.000,ID000BXPWF0,0.0069066035,0.0083574075
20160714,16:00:00.000,ID000BXRMP9,0.00011883809,0.002109623
20160714,16:00:00.000,ID000BY20V5,0.01823469,0.028203525
20160714,16:00:00.000,ID000BYLHP4,-0.00022376771,0.017043766
20160714,16:00:00.000,ID000BYVJ33,-0.0073223053,0.0014661879
20160714,16:00:00.000,ID000BYWWW1,-0.0049139503,0.0031914823
20160714,16:00:00.000,ID000BZ1Z64,0.00014917558,0.0056266272
20160714,16:00:00.000,ID000BZ6048,0.0016187986,-0.008698136
20160714,16:00:00.000,ID000BZG270,-0.00025833596,0.00057126075
20160714,16:00:00.000,ID000BZT267,0.0038390444,-0.011790069
20160714,16:00:00.000,ID000BZWM96,-0.00057034974,0.01124992
20160714,16:00:00.000,ID000BZYRS2,1.610671e-05,0.0043863608
20160714,16:00:00.000,ID000BZZ7W0,0.001080302,0.0076920716
20160714,16:00:00.000,ID000BZZK79,-0.09960752,-0.12219618
20160714,16:00:00.000,ID000C02Z87,0.0012095503,-0.010040989
20160714,16:00:00.000,ID000C03WJ1,0.019534688,0.022068338
20160714,16:00:00.000,ID000C04CZ6,0.0032586432,0.019510014
20160714,16:00:00.000,ID000C04FX1,-0.005570278,0.021091916
20160714,16:00:00.000,ID000C059M6,-0.0019944035,-0.0020234634
20160714,16:00:00.000,ID000C05R19,-0.009778207,-0.014798027
20160714,16:00:00.000,ID000C0LH31,0.0004226936,-0.010047148
20160714,16:00:00.000,ID000C0M876,0.0034750388,-0.0070075183
20160714,16:00:00.000,ID000C0TD50,-0.01250024,-0.0049056583
20160714,16:00:00.000,ID000C0V0Z2,-0.020068232,-0.007991207
20160714,16:00:00.000,ID000C0XM55,0.014310811,0.022814333
20160714,16:00:00.000,ID000C0YDJ9,0.00074768387,-0.012270142
20160714,16:00:00.000,ID000C0YGB0,0.0029803216,-0.007941109
20160714,16:00:00.000,ID000C1HSN8,-0.0001398494,0.003834988
20160714,16:00:00.000,ID000C1M473,0.00010498482,0.005191512
20160714,16:00:00.000,ID000C1PN69,-0.011314141,-0.014166614
20160714,16:00:00.000,ID000C1Q594,0.00026892353,-0.015739614
20160714,16:00:00.000,ID000C1R619,0.00013449311,-0.009818535
20160714,16:00:00.000,ID000C1V3Z4,-0.014843917,-0.024251975
20160714,16:00:00.000,ID000C1W6R5,-2.6077445e-05,-0.008324938
20160714,16:00:00.000,ID000C20331,-4.2958975e-05,-0.006699771
20160714,16:00:00.000,ID000C21KV1,0.0025140324,-0.0029393302
20160714,16:00:00.000,ID000C21XN2,0.002758715,0.0059476593
20160714,16:00:00.000,ID000C2C436,0.008412336,-0.0036478438
20160714,16:00:00.000,ID000C2DQK7,0.0001849936,-0.0028151183
20160714,16:00:00.000,ID000C2HXV6,-0.0003137535,0.006251642
20160714,16:00:00.000,ID000C2K259,-0.00097093754,0.015617171
20160714,16:00:00.000,ID000C2P0S3,-4.8737216e-05,0.00037028245
20160714,16:00:00.000,ID000C2V319,0.00023461175,-0.018329117
20160714,16:00:00.000,ID000C2V6W8,-0.00019069883,0.00033219418
20160714,16:00:00.000,ID000C2VSX9,-0.00019573099,0.009460398
20160714,16:00:00.000,ID000C2WYY4,0.0013773225,-0.0020628215
20160714,16:00:00.000,ID000C30552,-0.018776914,-0.01807019
20160714,16:00:00.000,ID000C34K73,-0.00017675823,0.014282367
20160714,16:00:00.000,ID000C37MN8,3.263404e-05,0.007855994
20160714,16:00:00.000,ID000C38N82,-0.0067867227,-0.01651592
20160714,16:00:00.000,ID000C3J4X4,0.007256841,-0.001255649
20160714,16:00:00.000,ID000C3M059,0.0017135598,-0.0105658835
20160714,16:00:00.000,ID000C3SMF4,0.00037269728,-0.0012026099
20160714,16:00:00.000,ID000C3VX11,-0.00021554767,0.01131023
20160714,16:00:00.000,ID000C3VY28,-7.469536e-05,0.010780192
20160714,16:00:00.000,ID000C3YBM3,0.00051218725,-0.015973361
20160714,16:00:00.000,ID000C41VP0,0.014120788,0.012135373
20160714,16:00:00.000,ID000C4DNY5,-9.263299e-05,0.0019006063
20160714,16:00:00.000,ID000C4K9S5,-0.004890738,-0.0059895907
20160714,16:00:00.000,ID000C4W9D8,-0.01684275,-0.013314354
20160714,16:00:00.000,ID000C5XT13,-0.0021274947,0.0031481693
20160714,16:00:00.000,ID000C68VC2,-0.0048438045,-0.0040496713
20160714,16:00:00.000,ID000C6K5W3,-0.0031981026,-0.011453306
20160714,16:00:00.000,ID000C6XDQ9,-0.0001834333,0.00051580183
20160714,16:00:00.000,ID000C7X325,-0.03276486,-0.04162375
20160714,16:00:00.000,ID000C8L0S4,0.009729755,0.020263094
20160714,16:00:00.000,ID000C9S6S2,-0.00015851272,0.00045521985
20160714,16:00:00.000,ID000CBQ7S7,0.00029137303,0.0036285268
20160714,16:00:00.000,ID000CBZN20,-0.03165585,-0.03881765
20160714,16:00:00.000,ID000CC2BV8,-0.00012351859,-0.0068505397
20160714,16:00:00.000,ID000CCVZZ9,-0.0019862726,0.023775768
20160714,16:00:00.000,ID000CCYKT6,-0.012574642,-0.005321432
20160714,16:00:00.000,ID000CDZNC5,0.00021732505,-0.0022060783
20160714,16:00:00.000,ID000CGDKG4,0.00045892864,-0.010943925
20160714,16:00:00.000,ID000CGWPH1,-6.187708e-05,0.0021805654
20160714,16:00:00.000,ID000CHWG16,-7.144914e-05,0.01365163
20160714,16:00:00.000,ID000CKDZV5,-0.0046735643,-0.014988045
20160714,16:00:00.000,ID000CKYDB3,0.00022057917,4.0485953e-05
20160714,16:00:00.000,ID000CLKVQ0,0.007528141,0.008949883
20160714,16:00:00.000,ID000CMY116,0.0051442753,0.028974725
20160714,16:00:00.000,ID000CNV8Z5,-0.006200075,-0.010258844
20160714,16:00:00.000,ID000CPBD63,-0.00019867705,0.0015710144
20160714,16:00:00.000,ID000CPGPH9,0.0010168542,-0.0034285565
20160714,16:00:00.000,ID000CRQVF3,0.0023475168,0.012381009
20160714,16:00:00.000,ID000CS49H2,0.023422142,0.035364795
20160714,16:00:00.000,ID000CSHJ86,0.00020289923,-0.01071011
20160714,16:00:00.000,ID000CSHL18,-0.00025193277,-0.0014824553
20160714,16:00:00.000,ID000CT5G92,0.002198431,-0.01094421
20160714,16:00:00.000,ID000CTT0J0,-0.009165325,-0.003108266
20160714,16:00:00.000,ID000CVSV53,0.0054051774,0.011560717
20160714,16:00:00.000,ID000CYR5S0,-0.00049670285,-0.0026194209
20160714,16:00:00.000,ID000D03WR1,-0.0051462715,-0.02235322
20160714,16:00:00.000,ID000D14Y85,-0.0004335789,-0.0024824091
20160714,16:00:00.000,ID000D16BC8,-0.00013357011,-0.00044257782
20160714,16:00:00.000,ID000D1FGT9,0.00036858354,-0.011338084
20160714,16:00:00.000,ID000D2PYX2,0.0054487106,0.018386472
20160714,16:00:00.000,ID000D32Q35,-0.008528486,-0.018709742
20160714,16:00:00.000,ID000D54HT0,-0.0012188316,0.010138192
20160714,16:00:00.000,ID000D8KQ89,0.007591043,0.013655486
20160714,16:00:00.000,ID000D9L3W0,0.007178735,0.0036661688
20160714,16:00:00.000,ID000D9T3K5,0.00036312235,-0.015621456
20160714,16:00:00.000,ID000DBNN31,-0.0001392344,-0.003352182
20160714,16:00:00.000,ID000DCK8W3,-0.005558137,0.0038919344
20160714,16:00:00.000,ID000DD3GQ9,0.0040735696,0.016279876
20160714,16:00:00.000,ID000DD5WS0,-0.0074131717,0.0032520485
20160714,16:00:00.000,ID000DDXHG5,-0.0002062869,0.008811998
20160714,16:00:00.000,ID000DHXQT2,-0.0031904508,-0.0042360052
20160714,16:00:00.000,ID000DLQDF5,-0.00030252142,-0.0013534634
20160714,16:00:00.000,ID000DM2M32,-0.00046149926,0.004541602
20160714,16:00:00.000,ID000DM6PM0,-0.00058555545,0.011112132
20160714,16:00:00.000,ID000DMFMD7,0.00041315626,-0.00393633
20160714,16:00:00.000,ID000DMWXM4,0.0004562708,-0.01623294
20160714,16:00:00.000,ID000DMZS88,-0.0115076965,0.0030662087
20160714,16:00:00.000,ID000DPM8Q9,-0.046597138,-0.048489165
20160714,16:00:00.000,ID000DQ77T3,-0.000213227,0.0039485116
20160714,16:00:00.000,ID000DQ7TG9,0.00017808267,-0.00257851
20160714,16:00:00.000,ID000DQSH27,4.788292e-05,-0.0067662816
20160714,16:00:00.000,ID000DVB6K8,4.9060323e-05,-0.0017788594
20160714,16:00:00.000,ID000DVJ5K2,-0.00039074317,0.017485363
20160714,16:00:00.000,ID000DW75D1,0.0025000824,-0.0016197144
20160714,16:00:00.000,ID000DX14M8,0.00037463,-0.012873647
20160714,16:00:00.000,ID000DXH432,-0.006734578,-0.014912868
20160714,16:00:00.000,ID000DZ5L87,-0.00023213927,0.004315704
20160714,16:00:00.000,ID000DZG349,0.0032358507,0.012281817
20160714,16:00:00.000,ID000F09217,-5.3085205e-05,-0.0023925907
20160714,16:00:00.000,ID000F45Y40,-0.01247936,0.006013539
20160714,16:00:00.000,ID000F4LHP6,0.022194374,0.035412032
20160714,16:00:00.000,ID000F5L3Q3,-4.4771637e-05,0.0040764674
20160714,16:00:00.000,ID000F5P2F3,0.0003692097,-0.009615271
20160714,16:00:00.000,ID000F79RP1,-0.015439541,-0.019566927
20160714,16:00:00.000,ID000F7KW95,0.0002070108,0.005507151
20160714,16:00:00.000,ID000F8TYC6,0.00034270965,-0.0026519652
20160714,16:00:00.000,ID000F8Z6P6,0.0002475335,0.00058197486
20160714,16:00:00.000,ID000F93K14,-0.0002571867,0.025595931
20160714,16:00:00.000,ID000FBCBB8,0.00163842,0.010332157
20160714,16:00:00.000,ID000FBCLZ0,-0.0071694637,-0.0061520473
20160714,16:00:00.000,ID000FBNFK7,0.0013243239,-0.007698064
20160714,16:00:00.000,ID000FCM1N4,-6.4445696e-05,0.017580949
20160714,16:00:00.000,ID000FD8FS2,0.005012162,-0.0019156717
20160714,16:00:00.000,ID000FF3QZ0,-1.4706039e-05,-0.0001686826
20160714,16:00:00.000,ID000FG1LV5,0.0085845655,-0.011448851
20160714,16:00:00.000,ID000FH5W54,0.0001496228,-0.014381309
20160714,16:00:00.000,ID000FHTNS3,0.00017660411,-0.02123936
20160714,16:00:00.000,ID000FHZ630,-0.00047939483,0.015507907
20160714,16:00:00.000,ID000FHZBB0,-0.00031380466,0.015558969
20160714,16:00:00.000,ID000FJH6R0,-0.008481051,0.008541105
20160714,16:00:00.000,ID000FMPVW3,0.00016385365,-0.001126623
20160714,16:00:00.000,ID000FNBYB3,0.00022917244,-0.01342736
20160714,16:00:00.000,ID000FNNYL9,0.0027194892,-0.010266667
20160714,16:00:00.000,ID000FQP7Q4,0.00034034674,-0.0053343736
20160714,16:00:00.000,ID000FQS3G1,8.1569364e-05,-0.008488125
20160714,16:00:00.000,ID000FR1Q22,-0.0028068908,-0.0070717046
20160714,16:00:00.000,ID000FT9S80,-0.0003493796,0.009876701
20160714,16:00:00.000,ID000FV67D8,-0.0002830383,-0.015451162
20160714,16:00:00.000,ID000FX2H28,0.024075987,0.016302647
20160714,16:00:00.000,ID000FYF662,6.585191e-05,0.007601229
20160714,16:00:00.000,ID000FYX2H9,0.00050638674,-0.010575935
20160714,16:00:00.000,ID000G1VQF1,-0.00016159797,0.016252138
20160714,16:00:00.000,ID000G4KJC6,0.08218179,0.08532187
20160714,16:00:00.000,ID000G6J4S9,-0.0001640155,0.0057774493
20160714,16:00:00.000,ID000G9LML7,-0.01102747,-0.00022407474
20160714,16:00:00.000,ID000GB7900,-0.00064285833,-0.0044515897
20160714,16:00:00.000,ID000GFPVK0,-0.00018123911,0.013078338
20160714,16:00:00.000,ID000GM5V54,-0.0015122866,0.00032201377
20160714,16:00:00.000,ID000GM9940,-6.537381e-05,-0.0034129738
20160714,16:00:00.000,ID000GM9C07,-0.00022030811,0.015665269
20160714,16:00:00.000,ID000GP1HQ9,3.1639287e-05,-0.0078838505
20160714,16:00:00.000,ID000GQH568,-1.1329154e-05,-0.008015291
20160714,16:00:00.000,ID000GVXBH4,0.00015771334,0.004568897
20160714,16:00:00.000,ID000GY6V57,-0.00030595527,0.00056694355
20160714,16:00:00.000,ID000GZ0GF2,0.00022396604,-0.01249579
20160714,16:00:00.000,ID000H291V0,0.0002061864,-0.0023006976
20160714,16:00:00.000,ID000H2BF55,-0.0011648717,0.027769165
20160714,16:00:00.000,ID000H4S5W5,-0.005256121,0.0006041841
20160714,16:00:00.000,ID000H50NB6,0.00082155166,-0.005388543
20160714,16:00:00.000,ID000H729M9,-8.121535e-06,-0.0071476833
20160714,16:00:00.000,ID000H7G3V7,0.006335596,0.018487412
20160714,16:00:00.000,ID000H90QG6,-0.00052313454,0.0094259
20160714,16:00:00.000,ID000HF3Y54,0.01007615,0.00392325
20160714,16:00:00.000,ID000HFPD29,9.9230325e-05,-0.005030843
20160714,16:00:00.000,ID000HH0HR6,-0.0037608054,-0.009471407
20160714,16:00:00.000,ID000HHBQD9,-0.00013324124,-0.0074451496
20160714,16:00:00.000,ID000HHH3S8,0.0018052461,-0.007984323
20160714,16:00:00.000,ID000HJTKL0,0.014454374,0.015590814
20160714,16:00:00.000,ID000HKMFG1,-0.0027017843,0.0032096137
20160714,16:00:00.000,ID000HL0067,0.0004382439,-0.008749775
20160714,16:00:00.000,ID000HLFD90,0.012660482,0.0059392676
20160714,16:00:00.000,ID000HST070,0.00033883116,0.008379971
20160714,16:00:00.000,ID000HT2H25,-0.0011618494,-0.0009595627
20160714,16:00:00.000,ID000HW0214,0.00017277598,0.0004162169
20160714,16:00:00.000,ID000HXJ2N8,-0.00017547065,0.0068033254
20160714,16:00:00.000,ID000J355C2,1.808695e-05,0.0023899302
20160714,16:00:00.000,ID000J93ZS8,8.313915e-05,-0.010324469
20160714,16:00:00.000,ID000J9PL96,-0.017017888,-0.018827869
20160714,16:00:00.000,ID000JDLX22,-0.00019963465,-0.0010528845
20160714,16:00:00.000,ID000JJQTP8,-0.0015524237,-0.005410797
20160714,16:00:00.000,ID000JKR6K9,-3.744052e-05,0.0010532135
20160714,16:00:00.000,ID000JKZFQ4,0.004913915,-0.009993167
20160714,16:00:00.000,ID000JN9C93,-0.000513851,0.010846242
20160714,16:00:00.000,ID000JNDVB3,0.0041009947,0.0034267076
20160714,16:00:00.000,ID000JQF0D0,-0.000116957686,-0.008050705
20160714,16:00:00.000,ID000JT2P43,-0.008408141,-0.026347902
20160714,16:00:00.000,ID000JX4JW5,-0.00012557232,-0.0025578986
20160714,16:00:00.000,ID000K00HV4,-0.00065300206,0.013746634
20160714,16:00:00.000,ID000K1QKV7,0.005224606,0.005195546
20160714,16:00:00.000,ID000K2DLL8,-0.0018472722,0.0062362766
20160714,16:00:00.000,ID000K65GY5,-0.00040405447,0.012877061
20160714,16:00:00.000,ID000K79NK9,0.000103512066,0.0033318717
20160714,16:00:00.000,ID000KDG6T6,-0.00024052209,0.013822485
20160714,16:00:00.000,ID000KJS3T7,7.486785e-05,0.0059640575
20160714,16:00:00.000,ID000KL72Y1,-0.017641174,-0.027654327
20160714,16:00:00.000,ID000KR9YG6,0.0002557319,-0.013176088
20160714,16:00:00.000,ID000KRXV57,-4.885161e-05,-0.0030256503
20160714,16:00:00.000,ID000KXQMX1,0.00069421245,-0.022572037
20160714,16:00:00.000,ID000KXS3S7,0.011367102,0.02521518
20160714,16:00:00.000,ID000L0JMY9,-0.0010452156,0.0122359
20160714,16:00:00.000,ID000LCKBR3,7.930347e-05,-0.008395436
20160714,16:00:00.000,ID000LHT3W5,-4.4213924e-05,-0.0035428181
20160714,16:00:00.000,ID000LW3MC0,-0.0017930683,0.0140009625
20160714,16:00:00.000,ID000LWNWP2,-0.00051453407,0.0022461105
20160714,16:00:00.000,ID000LXHQ25,0.00014176458,0.0011298365
20160714,16:00:00.000,ID000M2VPB8,-0.008878083,-0.0022969386
20160714,16:00:00.000,ID000M3HZF6,-0.00012114275,-0.008675632
20160714,16:00:00.000,ID000M3SN89,-0.0003533738,0.00024298076
20160714,16:00:00.000,ID000MDN4R3,-0.009243547,0.0029355166
20160714,16:00:00.000,ID000MF6B19,0.0524547,0.063510284
20160714,16:00:00.000,ID000MFRDQ5,-0.009489753,-0.025715807
20160714,16:00:00.000,ID000MLFDZ5,0.004802383,-0.0018767968
20160714,16:00:00.000,ID000MM8ZX4,2.405206e-05,-0.021387903
20160714,16:00:00.000,ID000MPPCP8,-0.014571328,-0.026047477
20160714,16:00:00.000,ID000MT6W40,-0.005384672,0.017570393
20160714,16:00:00.000,ID000N0B153,8.5148466e-05,0.005727744
20160714,16:00:00.000,ID000N17TD6,0.00032872427,0.0006578691
20160714,16:00:00.000,ID000N2BZ81,0.019421762,0.028740173
20160714,16:00:00.000,ID000N4B6Z1,-0.0016148903,0.003362807
20160714,16:00:00.000,ID000N57Q34,-0.0025855845,0.00029503118
20160714,16:00:00.000,ID000N8GHT0,0.00031703798,-0.004643333
20160714,16:00:00.000,ID000NCTVD3,-0.0012861176,0.016379798
20160714,16:00:00.000,ID000ND1Y18,-0.00018950536,-0.01106122
20160714,16:00:00.000,ID000NH2QV2,-0.00022056524,-0.0012155933
20160714,16:00:00.000,ID000NJGLM4,-0.005634941,0.0074623404
20160714,16:00:00.000,ID000NK6KD4,0.0007266846,-0.0026458912
20160714,16:00:00.000,ID000NKFQC2,0.0003002863,-0.008541748
20160714,16:00:00.000,ID000NPC987,0.00018022752,0.011700906
20160714,16:00:00.000,ID000NQV2C4,7.5570686e-05,-0.0016743002
20160714,16:00:00.000,ID000NQWJL6,-0.00050946465,0.0037614529
20160714,16:00:00.000,ID000NQXR55,0.00010147891,-0.0068665603
20160714,16:00:00.000,ID000NSV604,4.9430004e-05,0.0036595862
20160714,16:00:00.000,ID000NSXPT9,-0.009418326,-0.01696628
20160714,16:00:00.000,ID000P2BT47,-5.884466e-05,-0.010199614
20160714,16:00:00.000,ID000P3KVK2,-9.335256e-05,0.0016105925
20160714,16:00:00.000,ID000P3R5F8,-0.000336708,0.0048127603
20160714,16:00:00.000,ID000P48N13,0.0004083031,-0.012175563
20160714,16:00:00.000,ID000P5DR42,-0.0057106134,-0.005366974
20160714,16:00:00.000,ID000P5YR21,-0.00028013624,0.0031119077
20160714,16:00:00.000,ID000P78VN4,0.0007232782,-0.0110774785
20160714,16:00:00.000,ID000PFYVK0,-0.0082270065,-0.021602979
20160714,16:00:00.000,ID000PG2G17,-0.0023914597,-0.0026902775
20160714,16:00:00.000,ID000PJ8DQ5,-0.00029104966,0.012663719
20160714,16:00:00.000,ID000PK2ZM3,-0.0018830518,-0.00034548913
20160714,16:00:00.000,ID000PK8MG3,0.011911096,0.032165993
20160714,16:00:00.000,ID000PLZQH1,-0.0036941818,-0.010257129
20160714,16:00:00.000,ID000PM21L5,4.76451e-06,0.008228161
20160714,16:00:00.000,ID000PN3YM9,0.0042881165,0.01278377
20160714,16:00:00.000,ID000PP58Y6,-0.018282883,-0.0077729668
20160714,16:00:00.000,ID000PPDXX3,0.0003056389,-0.0051641203
20160714,16:00:00.000,ID000PQKTQ0,-0.0015695259,0.0056636455
20160714,16:00:00.000,ID000PRGVZ8,0.0006379197,-0.008049455
20160714,16:00:00.000,ID000PRWXJ4,0.00020187547,-0.016037064
20160714,16:00:00.000,ID000PVLRP3,-1.4951122e-05,-0.014551056
20160714,16:00:00.000,ID000PYLP80,-0.0019721426,-0.002434575
20160714,16:00:00.000,ID000Q49WZ4,0.02556372,0.02071704
20160714,16:00:00.000,ID000Q4S289,-0.00013031349,-0.0005557119
20160714,16:00:00.000,ID000Q64F54,-9.6695825e-05,-0.01520302
20160714,16:00:00.000,ID000Q7BSQ3,0.015157866,0.0015457238
20160714,16:00:00.000,ID000Q7GD09,0.0006208551,-0.008749682
20160714,16:00:00.000,ID000Q94ZV5,0.0076741707,0.0040997826
20160714,16:00:00.000,ID000Q9TVP4,-0.0040315823,0.012452957
20160714,16:00:00.000,ID000QB04X1,5.5584256e-05,-0.0022532195
20160714,16:00:00.000,ID000QC0N21,0.0014768548,-0.0011080309
20160714,16:00:00.000,ID000QC7FM9,-0.018542552,-0.026705466
20160714,16:00:00.000,ID000QCSZR7,-0.0033171743,0.00014507787
20160714,16:00:00.000,ID000QDB5J8,-0.0002269913,0.0076880157
20160714,16:00:00.000,ID000QDC320,0.14835322,0.13589597
20160714,16:00:00.000,ID000QDCWV4,0.004250476,0.0030963449
20160714,16:00:00.000,ID000QF8RS9,-0.00024885242,0.0022035756
20160714,16:00:00.000,ID000QGFZL8,0.0003979408,-0.011026379
20160714,16:00:00.000,ID000QGZPH3,0.006030578,0.00871116
20160714,16:00:00.000,ID000QH2MN7,0.0003954612,-0.008638288
20160714,16:00:00.000,ID000QJ5PT7,0.00028736063,-0.005378589
20160714,16:00:00.000,ID000QK15P6,0.0003100068,-0.01256369
20160714,16:00:00.000,ID000QLKZD0,0.00024938965,0.0017242605
20160714,16:00:00.000,ID000QLTYJ8,0.00042552178,-0.012170205
20160714,16:00:00.000,ID000QMPFL8,-0.00023242642,0.0051261517
20160714,16:00:00.000,ID000QQCVC8,6.058386e-05,-0.0024326302
20160714,16:00:00.000,ID000QSDXN7,6.547351e-05,-0.00025733717
20160714,16:00:00.000,ID000QTWZ31,-0.00022089205,0.004693794
20160714,16:00:00.000,ID000QX19J7,0.0015858663,0.0015245999
20160714,16:00:00.000,ID000QX7NK8,0.00012370432,-0.0010304269
20160714,16:00:00.000,ID000R0F0X6,7.4077594e-05,-0.004035581
20160714,16:00:00.000,ID000R1Z874,-0.011646806,-0.0072631277
20160714,16:00:00.000,ID000R2PQD6,1.8639126e-05,0.011290088
20160714,16:00:00.000,ID000RJ13V6,-0.011886157,-0.021970797
20160714,16:00:00.000,ID000RJM478,0.00013003287,-0.00967447
20160714,16:00:00.000,ID000RRRLH6,-0.0003268215,0.0023455648
20160714,16:00:00.000,ID000RSPBY9,-0.00011678982,-0.010141377
20160714,16:00:00.000,ID000T0DSH3,-0.0022147961,-0.0017084851
20160714,16:00:00.000,ID000T71K97,-0.0011298873,0.00064011937
20160714,16:00:00.000,ID000TFZP37,-0.00047011438,0.004445183
20160714,16:00:00.000,ID000TG1N00,-1.3968744e-07,-0.011280614
20160714,16:00:00.000,ID000TVW0H5,-7.596115e-05,0.004955062
20160714,16:00:00.000,ID000V22RX2,0.0004676979,-0.010066076
20160714,16:00:00.000,ID000V4WX80,-0.012912813,-0.0035855898
20160714,16:00:00.000,ID000VGFVT3,-0.0003617858,-0.0015276719
20160714,16:00:00.000,ID000VH0T67,-0.01191621,-0.021887114
20160714,16:00:00.000,ID000W3MPK5,0.006341686,0.01098755
20160714,16:00:00.000,ID000W90780,-0.00036915962,-0.002669078
20160714,16:00:00.000,ID0015QF8P3,-0.000345812,0.0039896397
20160714,16:00:00.000,ID0018QZN66,0.00011234665,-0.013321253
20160714,16:00:00.000,ID0019WXH85,0.00032443003,-0.0024659783
20160714,16:00:00.000,ID001BQZ142,8.631986e-05,0.008580732
20160714,16:00:00.000,ID001DNWP10,0.00022939463,0.01879009
20160714,16:00:00.000,ID001LRJQB4,-0.00028942034,0.017912498
20160714,16:00:00.000,ID001MM1KT7,-0.013341299,-0.004401922
20160714,16:00:00.000,ID001P1Z4F4,-0.0005811894,0.0064729983
20160714,16:00:00.000,ID001QCR6S9,7.911094e-05,0.0036692757
20160714,16:00:00.000,ID001QXTNL1,0.006535144,0.0053430554
20160714,16:00:00.000,ID001R34D26,0.03093967,0.04732863
20160714,16:00:00.000,ID001XVXHF2,0.009192809,0.0015928496
20160714,16:00:00.000,ID0025RP8D1,0.02389685,0.009322868
20160714,16:00:00.000,ID0027J63S3,0.013990237,0.018669399
20160714,16:00:00.000,ID002CR6DZ9,0.01622718,0.02056588
20160714,16:00:00.000,ID002GJZV45,0.0008129367,-0.0154152075
20160714,16:00:00.000,ID002VYCS92,0.018342633,0.008077463
20160714,16:00:00.000,ID002XQH5N6,0.00015352978,-0.012228329
20160714,16:00:00.000,ID0032JYVT2,-0.011475444,-0.009627629
20160714,16:00:00.000,ID003368RL5,7.4435266e-06,0.008928065
20160714,16:00:00.000,ID003FD8YQ7,-0.011283757,-0.026433514
20160714,16:00:00.000,ID003FH03L9,-0.0002257614,0.010861778
20160714,16:00:00.000,ID003G4DHL2,-0.004218248,-0.0036209207
20160714,16:00:00.000,ID003GW1860,-0.005494097,-0.010705589
20160714,16:00:00.000,ID003T0P9C1,-0.008801906,-0.0056929043
20160714,16:00:00.000,ID003T4KGT4,-0.004247807,-0.020590942
20160714,16:00:00.000,ID003T4Y470,9.8488475e-05,-0.004787766
20160714,16:00:00.000,ID00423N060,0.0056544254,0.008145374
20160714,16:00:00.000,ID0042FK271,0.00023892653,0.005703647
20160714,16:00:00.000,ID00443M586,-0.036152177,-0.040010296
20160714,16:00:00.000,ID004D7WJX8,-0.00010197805,0.00039459224
20160714,16:00:00.000,ID004MGY0Y6,0.013044172,-0.004666616
20160714,16:00:00.000,ID004V7D7P4,-0.012674401,-0.010709659
20160714,16:00:00.000,ID005CM0YM7,0.000102685306,0.004950956
20160714,16:00:00.000,ID005GBMMQ5,-0.0020163173,-0.016461158
20160714,16:00:00.000,ID005PTLS66,-0.00034097902,0.0126839075
20160714,16:00:00.000,ID00609JYC8,0.0077314693,0.0071811043
20160714,16:00:00.000,ID0060MBR69,-0.016762652,-0.02560593
20160714,16:00:00.000,ID00639ZL71,0.0027153264,-0.008298829
20160714,16:00:00.000,ID0063G2LM4,0.016377527,0.009014267
20160714,16:00:00.000,ID0067S6N55,-0.0005290063,0.006985572
20160714,16:00:00.000,ID0068R6WK9,0.000107562126,-0.0069684437
20160714,16:00:00.000,ID0069HWYH1,0.0006588631,-0.0105278315
20160714,16:00:00.000,ID006FCV2N9,-0.00041925418,0.010242539
20160714,16:00:00.000,ID006K4W3R4,-0.020974925,0.0052264812
20160714,16:00:00.000,ID006K4W6M2,0.029195575,0.019040266
20160714,16:00:00.000,ID006KCQPS3,-4.5914516e-05,0.0046261773
20160714,16:00:00.000,ID006KGGBL3,5.293517e-05,-0.0021753276
20160714,16:00:00.000,ID006KY40Q6,-0.00014148233,-0.008024867
20160714,16:00:00.000,ID006MFN039,0.00033519272,-0.007765912
20160714,16:00:00.000,ID006MM96N5,0.00023030872,0.0058325296
20160714,16:00:00.000,ID006N9S3R5,0.0002782768,0.00274914
20160714,16:00:00.000,ID006QSNH12,3.389223e-05,0.0001271891
20160714,16:00:00.000,ID007936GV2,-0.00049308164,0.016753217
20160714,16:00:00.000,ID007F4D585,-0.015022449,-0.02258792
20160714,16:00:00.000,ID007PSVBN1,0.0009872504,-0.008321696
20160714,16:00:00.000,ID007QX0XN5,-0.004606974,-0.014923908
20160714,16:00:00.000,ID0086LKMF2,-0.022119353,-0.014100694
20160714,16:00:00.000,ID008G74Z89,0.00019529766,-0.021363985
20160714,16:00:00.000,ID008HL97Z4,0.00046179065,-0.0075847795
20160714,16:00:00.000,ID0099QW3L8,4.9702056e-05,-0.017266432
20160714,16:00:00.000,ID009BTKR75,-0.020194948,-0.017777346
20160714,16:00:00.000,ID009HT2XL0,-0.00038153038,0.012575175
20160714,16:00:00.000,ID009R0Y011,0.0006261078,-0.008087349
20160714,16:00:00.000,ID009R3Q853,0.00075348926,-0.008885137
20160714,16:00:00.000,ID009T5PLG6,0.009148607,0.008791635
20160714,16:00:00.000,ID009YTYWV7,-0.019949304,-0.009593616
20160714,16:00:00.000,ID00B0TKM37,-0.005204268,4.305584e-07
20160714,16:00:00.000,ID00B5C2SK7,0.05604241,0.054004233
20160714,16:00:00.000,ID00BM2KR59,-0.010844796,-0.008054288
20160714,16:00:00.000,ID00CBVR1P3,-0.012733763,-0.015138284
20160714,16:00:00.000,ID00CM52ZC4,-0.00047539978,0.0073742275
20160714,16:00:00.000,ID00CTZ9L17,0.00030575364,-0.0075464984
20160714,16:00:00.000,ID00CWWYK50,0.00041071244,-0.013806504
20160714,16:00:00.000,ID00D0FS809,0.00022585655,-0.005969636
20160714,17:30:00.000,IDZQ0003GF7,-8.73507e-05,0.010816284
20160714,17:30:00.000,IDZQ00047M8,-7.760664e-05,-0.009447308
20160714,17:30:00.000,IDZQ00048R1,3.6948895e-05,-0.0061923927
20160714,17:30:00.000,IDZQ0005R34,-0.013146015,-0.00024330005
20160714,17:30:00.000,IDZQ0005SC2,-1.4726664e-06,0.007831055
20160714,17:30:00.000,IDZQ0007ZC4,0.00012342639,-0.00086393405
20160714,17:30:00.000,IDZQ0008WW8,0.032233857,0.050802436
20160714,17:30:00.000,IDZQ0009HH7,0.00038197715,-0.0081448285
20160714,17:30:00.000,IDZQ0009P98,-0.0002626705,0.0048866225
20160714,17:30:00.000,IDZQ000BBR6,0.00015504251,-0.0037633118
20160714,17:30:00.000,IDZQ000DWM3,-0.00016007025,-0.01030073
20160714,17:30:00.000,IDZQ000F3R0,-1.4474315e-05,0.0055509806
20160714,17:30:00.000,IDZQ000F8T7,0.0026638214,0.018717723
20160714,17:30:00.000,IDZQ000FLJ9,0.0052189752,-0.012192539
20160714,17:30:00.000,IDZQ000KL21,0.00057360536,-0.0037535173
20160714,17:30:00.000,IDZQ000M533,1.3010921e-05,0.009284996
20160714,17:30:00.000,IDZQ000MKV9,-0.00018546499,-0.00018721589
20160714,17:30:00.000,IDZQ000MVL6,0.00012786096,-0.004256892
20160714,17:30:00.000,IDZQ000MWP0,-6.6145665e-05,0.005278578
20160714,17:30:00.000,IDZQ000PTP4,-0.00043560445,-0.0014672796
20160714,17:30:00.000,IDZQ000Q012,-0.016404558,-0.013386536
20160714,17:30:00.000,IDZQ000QHK4,-0.008589684,0.0004993325
20160714,17:30:00.000,IDZQ000TWT9,-0.007442703,0.011042365
20160714,17:30:00.000,IDZQ000VT77,0.015458364,0.03133421
20160714,17:30:00.000,IDZQ000WBV8,-0.00033125767,0.002618872
20160714,17:30:00.000,IDZQ000WDG1,-0.00019620406,0.0017141786
20160714,17:30:00.000,IDZQ000WYN7,-0.00049815717,0.0062693343
20160714,17:30:00.000,IDZQ000X6D8,-9.4422416e-05,0.0011358606
20160714,17:30:00.000,IDZQ000X8Q0,0.0021610977,0.025460286
20160714,17:30:00.000,IDZQ000XJ04,-0.00059318094,0.015276243
20160714,17:30:00.000,IDZQ000XSY7,-0.0001644115,-0.0034520351
20160714,17:30:00.000,IDZQ000XWR6,-0.0005893343,0.0057259905
20160714,17:30:00.000,IDZQ000Y0W9,0.00015735047,-0.0044287783
20160714,17:30:00.000,IDZQ000Y7B7,-0.00015172856,0.012561476
20160714,17:30:00.000,IDZQ000Y8Q9,8.545133e-05,-0.002035623
20160714,17:30:00.000,IDZQ000YB91,-0.000115494906,-0.006075661
20160714,17:30:00.000,IDZQ000YDZ8,-0.0012938475,0.0229452
20160714,17:30:00.000,IDZQ000Z3V3,-0.00065828074,0.01973844
20160714,17:30:00.000,IDZQ000Z3Z9,5.0518403e-05,-0.020620713
20160714,17:30:00.000,IDZQ000Z9D0,-0.000271609,0.027495105
20160714,17:30:00.000,IDZQ000ZKM5,-5.4653545e-05,0.0017366835
20160714,17:30:00.000,IDZQ000ZTH2,0.0073713027,0.03407739
20160714,17:30:00.000,ID000BC0991,0.013211587,-0.0017608815
20160714,17:30:00.000,ID000BC0KZ7,-1.703048e-05,0.0011470915
20160714,17:30:00.000,ID000BC0QR3,4.3849366e-05,-0.0071872845
20160714,17:30:00.000,ID000BC1099,-0.00032978845,-0.0064649456
20160714,17:30:00.000,ID000BC12C1,8.6907785e-06,0.01777777
20160714,17:30:00.000,ID000BC1543,-0.00082206534,0.0064630457
20160714,17:30:00.000,ID000BC15X1,0.00017327075,-0.011081677
20160714,17:30:00.000,ID000BC1801,0.0001607375,0.0030016757
20160714,17:30:00.000,ID000BC1FY8,9.2950504e-05,-0.013084507
20160714,17:30:00.000,ID000BC1HT0,-0.005224769,0.00599037
20160714,17:30:00.000,ID000BC1RY2,-0.0002300877,-0.0055375528
20160714,17:30:00.000,ID000BC2356,0.004929196,0.021138646
20160714,17:30:00.000,ID000BC3676,0.0006647824,-0.004458355
20160714,17:30:00.000,ID000BC3SD1,0.0018299675,0.009707582
20160714,17:30:00.000,ID000BC3V44,0.004434354,0.00778016
20160714,17:30:00.000,ID000BC49N1,0.00034981212,-0.017897032
20160714,17:30:00.000,ID000BC4N05,-0.0006996401,-0.0016357687
20160714,17:30:00.000,ID000BC4VC4,-1.4545839e-05,0.0035425453
20160714,17:30:00.000,ID000BC4WR6,-0.0002035654,-0.0072710724
20160714,17:30:00.000,ID000BC6J11,0.019864863,0.026797323
20160714,17:30:00.000,ID000BC6K90,-0.0029415863,0.023908576
20160714,17:30:00.000,ID000BC6TT9,0.0062583215,0.020708675
20160714,17:30:00.000,ID000BC75Z3,-0.0003764062,0.006486637
20160714,17:30:00.000,ID000BC7PK5,0.00010282807,-0.0039326493
20160714,17:30:00.000,ID000BC7QR6,0.038977917,0.050241802
20160714,17:30:00.000,ID000BC7RM9,-0.0039351964,0.003262636
20160714,17:30:00.000,ID000BC7ZT4,-0.0002579015,0.012205248
20160714,17:30:00.000,ID000BC80Q3,0.0150699355,0.016702143
20160714,17:30:00.000,ID000BC8494,-0.00014666168,0.012750214
20160714,17:30:00.000,ID000BC8564,0.006535997,0.01829603
20160714,17:30:00.000,ID000BC85Z2,-8.283417e-05,0.00025925678
20160714,17:30:00.000,ID000BC8699,-0.00011614972,-0.0069062277
20160714,17:30:00.000,ID000BC8CB3,-0.000291398,0.007962167
20160714,17:30:00.000,ID000BC8GG9,-4.0881906e-07,0.0075740335
20160714,17:30:00.000,ID000BC8JQ2,-0.00038048308,0.009433257
20160714,17:30:00.000,ID000BC8MY6,0.047120564,0.061990015
20160714,17:30:00.000,ID000BC9821,0.00019130827,-0.011811356
20160714,17:30:00.000,ID000BC9LX8,0.00025054134,-0.00811466
20160714,17:30:00.000,ID000BC9P50,-2.592728e-05,0.017783055
20160714,17:30:00.000,ID000BC9YD2,-0.010975475,-0.00011123149
20160714,17:30:00.000,ID000BC9Z85,-0.004072497,-0.0069187395
20160714,17:30:00.000,ID000BC9ZX7,-0.00015636276,-0.008478213
20160714,17:30:00.000,ID000BCB2K1,-2.101521e-05,-0.008027628
20160714,17:30:00.000,ID000BCBT22,0.012655391,0.0017276104
20160714,17:30:00.000,ID000BCCFR4,-6.949627e-05,-0.010497306
20160714,17:30:00.000,ID000BCCK93,7.7374025e-05,-0.013877108
20160714,17:30:00.000,ID000BCCNC3,-0.00020763846,0.0047803954
20160714,17:30:00.000,ID000BCCRV3,-0.00020295044,0.01129879
20160714,17:30:00.000,ID000BCD7C7,-0.00037296888,0.009184989
20160714,17:30:00.000,ID000BCD988,-8.011394e-05,0.00012239476
20160714,17:30:00.000,ID000BCDPP3,-0.0005461533,0.018482968
20160714,17:30:00.000,ID000BCDYD7,0.0005834764,0.00012988091
20160714,17:30:00.000,ID000BCFRC1,-0.00022481263,-0.005864569
20160714,17:30:00.000,ID000BCFVJ5,0.00032154203,-0.0039784363
20160714,17:30:00.000,ID000BCFY18,0.0001485961,0.0033184246
20160714,17:30:00.000,ID000BCGSR2,-0.00033249139,-0.0038832314
20160714,17:30:00.000,ID000BCGVJ4,-0.002468408,0.0018300567
20160714,17:30:00.000,ID000BCGWQ4,-0.00091460545,0.015327564
20160714,17:30:00.000,ID000BCGY80,-0.00018067635,0.014687888
20160714,17:30:00.000,ID000BCH216,-0.00020017927,0.0094232075
20160714,17:30:00.000,ID000BCH458,0.00016272975,0.016776858
20160714,17:30:00.000,ID000BCHRB0,5.1573355e-05,-0.008216859
20160714,17:30:00.000,ID000BCHVK1,-0.00022694268,-2.2599677e-05
20160714,17:30:00.000,ID000BCL3M6,-0.002828521,-0.018790526
20160714,17:30:00.000,ID000BCLVP1,0.00077651785,-0.009911707
20160714,17:30:00.000,ID000BCN0T3,-0.0007237372,0.0062975055
20160714,17:30:00.000,ID000BCNNX8,5.952136e-05,0.0036358612
20160714,17:30:00.000,ID000BCQ2W2,-9.719937e-06,-0.003284592
20160714,17:30:00.000,ID000BCQ3H7,0.00020618488,0.014693578
20160714,17:30:00.000,ID000BCR5S9,-0.0040345634,0.007834781
20160714,17:30:00.000,ID000BCS4S1,0.00016901214,-0.011394687
20160714,17:30:00.000,ID000BCXH60,0.00019429064,-0.009283293
20160714,17:30:00.000,ID000BCYWV8,-0.0010798676,0.02185165
20160714,17:30:00.000,ID000BCZ2C4,-0.00020019685,0.009164379
20160714,17:30:00.000,ID000BD0F95,0.004962605,0.012710261
20160714,17:30:00.000,ID000BD0QS0,5.5826753e-05,0.006603702
20160714,17:30:00.000,ID000BD3RV1,-0.0128719555,-0.01628647
20160714,17:30:00.000,ID000BD41Z3,-0.0006089072,-0.007184192
20160714,17:30:00.000,ID000BD4L52,0.006805213,0.020202795
20160714,17:30:00.000,ID000BD4S48,-0.011297929,-0.002969324
20160714,17:30:00.000,ID000BD53L3,0.004897209,0.017599393
20160714,17:30:00.000,ID000BD5B99,-0.00018262638,-0.014225741
20160714,17:30:00.000,ID000BD5T18,-0.0024837707,-0.0073904553
20160714,17:30:00.000,ID000BD61J9,0.0058427285,0.008053133
20160714,17:30:00.000,ID000BD6CZ7,0.0075392933,0.004044231
20160714,17:30:00.000,ID000BD6ZN9,0.0062280656,-0.0005695671
20160714,17:30:00.000,ID000BD78R4,-5.1812374e-05,-0.0003239204
20160714,17:30:00.000,ID000BD7BN1,-0.007370716,-0.0014006621
20160714,17:30:00.000,ID000BD7MQ4,-0.0052773687,-0.012809981
20160714,17:30:00.000,ID000BD7YK4,0.00067029125,0.012886816
20160714,17:30:00.000,ID000BD8BK3,0.00012441578,-0.009777323
20160714,17:30:00.000,ID000BD8PZ6,-0.006643114,-0.007830263
20160714,17:30:00.000,ID000BD8XM3,-0.008156288,-0.015867347
20160714,17:30:00.000,ID000BD9DM6,-0.008169746,0.0033516728
20160714,17:30:00.000,ID000BD9DR1,0.0046757134,0.017245369
20160714,17:30:00.000,ID000BDBL90,-0.0003874552,0.007900761
20160714,17:30:00.000,ID000BDBZC5,-0.039549235,-0.042475462
20160714,17:30:00.000,ID000BDCBX4,-0.00020031327,-0.0028895147
20160714,17:30:00.000,ID000BDCH16,0.00070318533,0.0077499095
20160714,17:30:00.000,ID000BDCKP3,0.01229924,-2.6513897e-07
20160714,17:30:00.000,ID000BDCMJ6,-0.016327966,-0.011235858
20160714,17:30:00.000,ID000BDCZY0,-0.014203471,-0.010625849
20160714,17:30:00.000,ID000BDDZJ6,-0.010320648,-0.020666867
20160714,17:30:00.000,ID000BDFK70,-0.0002604551,-0.0015652431
20160714,17:30:00.000,ID000BDG288,0.0027126512,-0.00096216076
20160714,17:30:00.000,ID000BDGWC7,-0.001090195,0.010061802
20160714,17:30:00.000,ID000BDK0S5,-0.01055983,-0.005465077
20160714,17:30:00.000,ID000BDK6Y5,-0.0029694568,0.010787267
20160714,17:30:00.000,ID000BDKG46,-0.0006292148,-0.009350039
20160714,17:30:00.000,ID000BDKL54,-0.015349324,-0.012000063
20160714,17:30:00.000,ID000BDKP82,-0.002526945,-0.0023585628
20160714,17:30:00.000,ID000BDLN40,-3.706289e-05,0.0028532834
20160714,17:30:00.000,ID000BDLSV9,0.007609206,-0.00056673406
20160714,17:30:00.000,ID000BDN9L0,0.0028873591,0.0072657005
20160714,17:30:00.000,ID000BDNCX0,0.0012886454,-0.0061097126
20160714,17:30:00.000,ID000BDNRP6,0.0037485436,0.005318138
20160714,17:30:00.000,ID000BDQBV1,0.008332318,0.019843996
20160714,17:30:00.000,ID000BDQGD0,-0.00058604183,0.015924927
20160714,17:30:00.000,ID000BDR7T2,-0.0038251458,0.0034177452
20160714,17:30:00.000,ID000BDSDZ1,0.0004234351,-0.00024032062
20160714,17:30:00.000,ID000BDT1M0,0.0041259937,0.00060855044
20160714,17:30:00.000,ID000BDT426,-0.00068875845,0.009721465
20160714,17:30:00.000,ID000BDTRH9,-0.023110513,-0.024431612
20160714,17:30:00.000,ID000BDVFM6,0.004597523,-0.0029819761
20160714,17:30:00.000,ID000BDWPB5,0.0037629432,-0.001456189
20160714,17:30:00.000,ID000BDX9Q4,-0.009756416,0.00038631554
20160714,17:30:00.000,ID000BDXB89,-8.882157e-05,0.001456729
20160714,17:30:00.000,ID000BDXYS7,0.022557769,0.0104860235
20160714,17:30:00.000,ID000BDY2S6,0.004475067,0.014247944
20160714,17:30:00.000,ID000BDY689,0.0027778053,0.00064195506
20160714,17:30:00.000,ID000BDY849,-0.005923212,-0.016882077
20160714,17:30:00.000,ID000BDYN37,0.008863824,0.028335173
20160714,17:30:00.000,ID000BDZHL9,-0.014710853,-0.0068477653
20160714,17:30:00.000,ID000BDZQF6,-0.00020252973,0.0036535428
20160714,17:30:00.000,ID000BDZZ11,0.0077291974,-4.03752e-08
20160714,17:30:00.000,ID000BF00N7,0.0068669925,0.035779122
20160714,17:30:00.000,ID000BF0KC5,0.008426963,0.001729872
20160714,17:30:00.000,ID000BF0SZ3,0.00085274025,0.01338606
20160714,17:30:00.000,ID000BF1421,-0.00010138914,0.0075438316
20160714,17:30:00.000,ID000BF1L50,-0.008272244,-0.004864682
20160714,17:30:00.000,ID000BF1LB3,0.00024106701,-0.0038117345
20160714,17:30:00.000,ID000BF1NP4,0.0071821953,0.022496032
20160714,17:30:00.000,ID000BF1SB8,0.0048152744,0.0028861181
20160714,17:30:00.000,ID000BF1TX2,0.0002627727,0.0054629473
20160714,17:30:00.000,ID000BF20J0,-0.0003988181,0.01044844
20160714,17:30:00.000,ID000BF21F2,0.003768711,-0.0065234057
20160714,17:30:00.000,ID000BF2DL9,-0.009977981,-0.0059018997
20160714,17:30:00.000,ID000BF2M20,0.00810076,0.010265461
20160714,17:30:00.000,ID000BF2PM1,-0.0011262854,0.009917823
20160714,17:30:00.000,ID000BF33F7,0.004047619,-0.0072384323
20160714,17:30:00.000,ID000BF3RF4,0.0069636316,0.013224105
20160714,17:30:00.000,ID000BF46K3,-0.0029965693,-0.0082529355
20160714,17:30:00.000,ID000BF4HM7,0.0019882126,0.001379234
20160714,17:30:00.000,ID000BF5GH4,0.006029852,0.015437507
20160714,17:30:00.000,ID000BF66X7,0.006102175,-0.0058165747
20160714,17:30:00.000,ID000BF69X1,-0.012918374,-0.018517472
20160714,17:30:00.000,ID000BF82S0,0.033667915,0.041137774
20160714,17:30:00.000,ID000BF8LY1,0.0063070226,0.023564942
20160714,17:30:00.000,ID000BFD9S9,0.015090566,0.018373806
20160714,17:30:00.000,ID000BFFXZ6,-0.00011494877,0.016328366
20160714,17:30:00.000,ID000BFHC62,-0.0006275016,0.0021872288
20160714,17:30:00.000,ID000BFKBQ8,-0.00018862568,0.0045897015
20160714,17:30:00.000,ID000BFL9V6,-0.00057635084,-0.0059809308
20160714,17:30:00.000,ID000BFLD92,0.0147345755,0.0044148755
20160714,17:30:00.000,ID000BFPL36,-0.009545451,-0.021264993
20160714,17:30:00.000,ID000BFR0X7,-0.005162745,-0.0049605123
20160714,17:30:00.000,ID000BFT9L9,-0.020667937,-0.0060355845
20160714,17:30:00.000,ID000BFW7B0,-0.0002963664,0.010899712
20160714,17:30:00.000,ID000BFYPV6,-0.001242863,-0.013753664
20160714,17:30:00.000,ID000BG2VZ2,-0.0042018695,-0.011224486
20160714,17:30:00.000,ID000BG5PH2,0.00029237752,-0.009842588
20160714,17:30:00.000,ID000BG5TK0,6.802577e-05,0.0044542
20160714,17:30:00.000,ID000BG7DY8,-0.0033698422,0.012185034
20160714,17:30:00.000,ID000BG7F82,-0.020327827,-0.002167228
20160714,17:30:00.000,ID000BG9653,0.00015352813,0.0071613896
20160714,17:30:00.000,ID000BG97J6,-0.00034131567,0.010937577
20160714,17:30:00.000,ID000BG9MW8,-0.0017117999,-0.011225353
20160714,17:30:00.000,ID000BGD890,-0.0002204155,0.0047972165
20160714,17:30:00.000,ID000BGG8Z8,-0.008247777,0.008216991
20160714,17:30:00.000,ID000BGKM37,0.0034950005,0.018731121
20160714,17:30:00.000,ID000BGKW17,0.00064634235,3.6879806e-05
20160714,17:30:00.000,ID000BGN3C6,-0.00070290884,0.0048963963
20160714,17:30:00.000,ID000BGP5K0,0.0044403616,-0.0047437297
20160714,17:30:00.000,ID000BGRXM5,-0.00011083734,0.0010269731
20160714,17:30:00.000,ID000BGX6S1,-0.0007383578,0.01428396
20160714,17:30:00.000,ID000BGX8G0,-0.00042160787,0.0066428254
20160714,17:30:00.000,ID000BGXTP4,-4.810044e-05,0.0036925802
20160714,17:30:00.000,ID000BH0HG4,0.000237804,-0.0069667683
20160714,17:30:00.000,ID000BH2X22,-0.00026149725,-0.0061027496
20160714,17:30:00.000,ID000BH5600,0.00022692903,-0.017830497
20160714,17:30:00.000,ID000BH6SN6,4.939765e-05,0.0046215025
20160714,17:30:00.000,ID000BHBQ09,-0.0001319305,-0.0011134801
20160714,17:30:00.000,ID000BHHJP2,-4.2859203e-05,0.00057233527
20160714,17:30:00.000,ID000BHK9M3,0.004237374,0.009410282
20160714,17:30:00.000,ID000BHPQF8,5.2964544e-05,0.0089646345
20160714,17:30:00.000,ID000BHPST9,0.001583876,0.019997254
20160714,17:30:00.000,ID000BHQGZ7,0.0060188426,0.0071218433
20160714,17:30:00.000,ID000BHWWK1,4.6411533e-05,0.0076587657
20160714,17:30:00.000,ID000BHX2C5,-0.000600741,0.014501837
20160714,17:30:00.000,ID000BHXCG9,-0.00041124228,0.011517237
20160714,17:30:00.000,ID000BJ0CP1,-0.00026758772,-0.0020734402
20160714,17:30:00.000,ID000BJBJM7,-0.0008871743,0.009189945
20160714,17:30:00.000,ID000BJKZ32,0.017582906,0.020593932
20160714,17:30:00.000,ID000BJNC94,0.00063366705,-0.008867329
20160714,17:30:00.000,ID000BJNP59,0.0005768812,-0.006936138
20160714,17:30:00.000,ID000BJW6Q8,0.004683451,-0.002208866
20160714,17:30:00.000,ID000BKD1G8,0.0008359194,-0.023058614
20160714,17:30:00.000,ID000BKD7J2,-0.00011440679,0.01661815
20160714,17:30:00.000,ID000BKFLX3,0.0038497248,-0.009007337
20160714,17:30:00.000,ID000BKFP37,0.037999794,0.052750535
20160714,17:30:00.000,ID000BKH1G4,0.012505304,0.006964458
20160714,17:30:00.000,ID000BKMDB7,-0.00027172122,-0.0001650773
20160714,17:30:00.000,ID000BKPC35,0.0002123022,-0.0050472794
20160714,17:30:00.000,ID000BKTKV2,-0.010593435,0.003327557
20160714,17:30:00.000,ID000BL4Y74,0.0009810689,-0.005617531
20160714,17:30:00.000,ID000BL7S92,0.0030801145,0.010900742
20160714,17:30:00.000,ID000BLBQW5,-0.0002880244,0.014632094
20160714,17:30:00.000,ID000BLCJ23,-0.008315626,0.0015631445
20160714,17:30:00.000,ID000BLD1M9,0.00040734914,0.005275291
20160714,17:30:00.000,ID000BLDDC4,0.011211509,0.0130390525
20160714,17:30:00.000,ID000BLGLP9,-0.00019452123,0.006166884
20160714,17:30:00.000,ID000BLHQ59,0.007183127,-0.0036895548
20160714,17:30:00.000,ID000BLL8D5,-0.0005556386,0.007870741
20160714,17:30:00.000,ID000BLLHB7,-0.0056827427,0.01554796
20160714,17:30:00.000,ID000BLNNJ4,-0.003928698,0.019657062
20160714,17:30:00.000,ID000BLR8K1,-0.0007071292,-0.0038987903
20160714,17:30:00.000,ID000BLV8N3,-0.00013625674,-0.0041243895
20160714,17:30:00.000,ID000BLW594,-0.00020881179,0.0015236649
20160714,17:30:00.000,ID000BLZXN4,-4.6362242e-05,0.008057728
20160714,17:30:00.000,ID000BM6HN9,0.0043442184,0.0008168114
20160714,17:30:00.000,ID000BM9J25,-0.00013648914,-0.0061397417
20160714,17:30:00.000,ID000BM9V55,-0.00042856156,0.0146689955
20160714,17:30:00.000,ID000BMDJJ2,-0.00015154127,0.00090318127
20160714,17:30:00.000,ID000BMHW18,-0.00025103602,-0.0043541
20160714,17:30:00.000,ID000BMJCK9,0.00029389572,-0.016184755
20160714,17:30:00.000,ID000BMJGN7,-0.007234969,0.004774886
20160714,17:30:00.000,ID000BMLWY7,0.0033150394,-0.0009642919
20160714,17:30:00.000,ID000BMP3T3,5.4556854e-06,-0.00789134
20160714,17:30:00.000,ID000BMQRH2,0.00023535364,-0.013335363
20160714,17:30:00.000,ID000BMT5N0,0.00020099552,0.0018559902
20160714,17:30:00.000,ID000BMV1Z3,0.09438682,0.11988638
20160714,17:30:00.000,ID000BMVWD9,-0.0012496714,0.025601083
20160714,17:30:00.000,ID000BMW3R7,5.726835e-05,-0.0010335307
20160714,17:30:00.000,ID000BMWHC2,-0.00065986934,0.011559755
20160714,17:30:00.000,ID000BMWK62,-0.0006125727,-0.004078591
20160714,17:30:00.000,ID000BMX6S8,0.00042692374,-0.01578534
20160714,17:30:00.000,ID000BMXF26,-0.00044242298,0.019041782
20160714,17:30:00.000,ID000BMZ8K0,-0.000354245,0.0046347305
20160714,17:30:00.000,ID000BMZMX5,0.0021537435,0.014284692
20160714,17:30:00.000,ID000BN08S8,-0.0063749435,-0.0037444825
20160714,17:30:00.000,ID000BN0P46,0.0054405183,0.011485245
20160714,17:30:00.000,ID000BN1RD1,-0.00035295784,0.0023688413
20160714,17:30:00.000,ID000BN6DP4,-0.00034575068,0.0052092825
20160714,17:30:00.000,ID000BN71Y9,0.00031098424,-0.0046044835
20160714,17:30:00.000,ID000BN7570,0.006162,-5.6452453e-05
20160714,17:30:00.000,ID000BNKLQ9,0.00016132176,0.0012007211
20160714,17:30:00.000,ID000BNP1C3,-0.00055481767,-0.000860631
20160714,17:30:00.000,ID000BNP507,0.0003395145,-0.008524153
20160714,17:30:00.000,ID000BNV243,0.00016278976,-0.0060316627
20160714,17:30:00.000,ID000BNZT31,0.016540295,0.019644706
20160714,17:30:00.000,ID000BP01L5,-0.00023720953,0.0027982306
20160714,17:30:00.000,ID000BP3T31,-0.009106836,-0.019773195
20160714,17:30:00.000,ID000BP5GK8,-0.0002560675,-0.004739983
20160714,17:30:00.000,ID000BP72Q1,-0.00036601874,0.01206019
20160714,17:30:00.000,ID000BPCK94,-8.107118e-05,-0.0013572248
20160714,17:30:00.000,ID000BPFPK7,0.013070929,0.00555879
20160714,17:30:00.000,ID000BPL8W5,0.000116782016,0.009349565
20160714,17:30:00.000,ID000BPMLL7,-0.00021781662,-0.0049192994
20160714,17:30:00.000,ID000BPMS69,3.121361e-05,0.0020068716
20160714,17:30:00.000,ID000BPQF36,0.0019298113,0.0014271382
20160714,17:30:00.000,ID000BPWG46,-0.0007642615,0.009413967
20160714,17:30:00.000,ID000BPXH52,-0.00067241536,0.01215478
20160714,17:30:00.000,ID000BPY717,-0.0016152094,0.018016405
20160714,17:30:00.000,ID000BPYXW6,-0.0004180707,0.013799849
20160714,17:30:00.000,ID000BQ49H7,8.6357346e-07,-0.00054535264
20160714,17:30:00.000,ID000BQ4CR9,-0.0004305261,0.002794435
20160714,17:30:00.000,ID000BQ5YC6,-0.00070884597,0.010518159
20160714,17:30:00.000,ID000BQ5YP2,-0.00022378218,0.016074164
20160714,17:30:00.000,ID000BQB1D0,-0.0005093329,-5.181269e-05
20160714,17:30:00.000,ID000BQB9Y0,-0.00018614181,0.0058619143
20160714,17:30:00.000,ID000BQGRK0,0.0020455,0.031035049
20160714,17:30:00.000,ID000BQGTY1,-0.0004237455,0.0097545255
20160714,17:30:00.000,ID000BQHGF9,0.00042515513,-0.010579128
20160714,17:30:00.000,ID000BQNK27,-0.00066074065,0.00945045
20160714,17:30:00.000,ID000BQNKM5,0.0010116729,0.0036919496
20160714,17:30:00.000,ID000BQPF08,-0.00020324158,0.0031933615
20160714,17:30:00.000,ID000BQXJ29,-0.00068741734,0.01578887
20160714,17:30:00.000,ID000BQXQP8,-0.0013661946,0.026863504
20160714,17:30:00.000,ID000BQY715,-0.0192928,-0.014665161
20160714,17:30:00.000,ID000BR0GF5,-0.00010712381,0.0058519626
20160714,17:30:00.000,ID000BR5SD6,-0.0012413443,0.019595806
20160714,17:30:00.000,ID000BR7M47,-0.017922942,-0.011737501
20160714,17:30:00.000,ID000BR8552,0.0005375573,-0.009943265
20160714,17:30:00.000,ID000BRFCC1,0.0039422936,0.004209887
20160714,17:30:00.000,ID000BRJTZ5,-0.0005503356,0.0075229397
20160714,17:30:00.000,ID000BRMNW7,0.020976976,0.03393123
20160714,17:30:00.000,ID000BRP3G6,-0.00050384656,0.016494717
20160714,17:30:00.000,ID000BRPP68,-0.0004939997,-0.00016046727
20160714,17:30:00.000,ID000BRVG61,0.014367326,0.009942544
20160714,17:30:00.000,ID000BRX5L6,0.000111883055,-0.003246961
20160714,17:30:00.000,ID000BRYT24,-0.0044468823,-0.0020600946
20160714,17:30:00.000,ID000BS0RG8,-0.00047070466,0.006132252
20160714,17:30:00.000,ID000BS1MT4,-0.013462953,0.00062855886
20160714,17:30:00.000,ID000BS1P17,-0.00022972359,0.015386016
20160714,17:30:00.000,ID000BS3BJ7,-0.007182705,-0.0063311206
20160714,17:30:00.000,ID000BS3KW2,-0.000581983,0.00839579
20160714,17:30:00.000,ID000BS3YF1,0.0074137975,0.0043720887
20160714,17:30:00.000,ID000BS4849,0.05232359,0.07788075
20160714,17:30:00.000,ID000BS5F15,0.004479617,-0.012161017
20160714,17:30:00.000,ID000BS64Z2,-0.0004504016,0.012315335
20160714,17:30:00.000,ID000BS67L0,0.0066072242,0.0030240002
20160714,17:30:00.000,ID000BS6936,-0.004928975,-0.013838889
20160714,17:30:00.000,ID000BSCY61,-0.0005580659,0.017305773
20160714,17:30:00.000,ID000BSDBR7,-0.00041830225,0.012441029
20160714,17:30:00.000,ID000BSFTZ7,-0.00047178456,0.0036270765
20160714,17:30:00.000,ID000BSJVR7,-0.0003815898,0.0006172607
20160714,17:30:00.000,ID000BSK6S9,-0.0006375773,0.01740432
20160714,17:30:00.000,ID000BSNX70,-0.00044100484,0.013608827
20160714,17:30:00.000,ID000BSP5X0,0.00037440716,-0.003992197
20160714,17:30:00.000,ID000BSV6W2,0.008939528,0.013555493
20160714,17:30:00.000,ID000BSX0W3,-0.0028924316,0.0009731691
20160714,17:30:00.000,ID000BSYWP0,-0.0027335873,0.0135799525
20160714,17:30:00.000,ID000BT0ZM1,-0.0012144857,0.0067635183
20160714,17:30:00.000,ID000BTBVC9,-0.0006881854,0.008657426
20160714,17:30:00.000,ID000BTC786,4.197526e-05,-0.01424611
20160714,17:30:00.000,ID000BTG0S5,-0.0011632001,-0.0036742303
20160714,17:30:00.000,ID000BTHT38,-0.00034666096,0.008698313
20160714,17:30:00.000,ID000BTT6G1,-3.023727e-05,-0.008664436
20160714,17:30:00.000,ID000BTVMD6,0.0065797814,0.0067811864
20160714,17:30:00.000,ID000BV1FV9,-0.009122934,0.0007130816
20160714,17:30:00.000,ID000BV2V61,0.003920702,0.0067903385
20160714,17:30:00.000,ID000BV7WV6,0.014413258,0.0080252215
20160714,17:30:00.000,ID000BVCK82,-1.9683983e-05,0.0038405156
20160714,17:30:00.000,ID000BVDZV2,-0.00047865068,0.0113086635
20160714,17:30:00.000,ID000BVGYM2,-0.00046783808,0.0022749759
20160714,17:30:00.000,ID000BVPSS9,-0.0008595227,0.027319953
20160714,17:30:00.000,ID000BVPZL0,-0.0008497123,0.018555073
20160714,17:30:00.000,ID000BVQ866,-0.00033844126,-0.007158251
20160714,17:30:00.000,ID000BVQZ75,-0.00071104034,0.007981025
20160714,17:30:00.000,ID000BVTFV9,0.00019070905,0.010439889
20160714,17:30:00.000,ID000BVTMG1,-0.006449026,-0.0012289624
20160714,17:30:00.000,ID000BVTTJ3,-0.00043247198,0.012634839
20160714,17:30:00.000,ID000BW1RD1,0.0003491213,-0.008072568
20160714,17:30:00.000,ID000BW4519,-8.8811816e-05,0.006178877
20160714,17:30:00.000,ID000BW4QS4,0.00036060647,-0.0014548167
20160714,17:30:00.000,ID000BW6697,-0.010052265,0.0030735699
20160714,17:30:00.000,ID000BWBBF3,0.0005820886,-0.007833506
20160714,17:30:00.000,ID000BWF7C1,0.023714136,0.036879227
20160714,17:30:00.000,ID000BWH908,0.0009970139,-0.014113072
20160714,17:30:00.000,ID000BWKSN7,-0.0006538936,0.022451919
20160714,17:30:00.000,ID000BWPGB1,1.7051501e-05,0.0047210115
20160714,17:30:00.000,ID000BWPKS4,4.8816368e-05,-0.0023148688
20160714,17:30:00.000,ID000BWQ506,0.01704825,0.015161566
20160714,17:30:00.000,ID000BWYKD0,0.0005746452,-0.019097127
20160714,17:30:00.000,ID000BWZDP2,-0.00044677564,0.009579045
20160714,17:30:00.000,ID000BX25G3,-0.00096035347,-0.00628641
20160714,17:30:00.000,ID000BX2SH2,-0.00013326833,0.00031976635
20160714,17:30:00.000,ID000BX3LS4,-0.000588798,-0.0073199896
20160714,17:30:00.000,ID000BX4S53,-0.00057730946,-0.005147959
20160714,17:30:00.000,ID000BX7J69,-0.00917047,-0.010728742
20160714,17:30:00.000,ID000BX9VY9,0.007173328,0.021083312
20160714,17:30:00.000,ID000BXF9J8,-0.005340217,-0.0038956443
20160714,17:30:00.000,ID000BXH3S9,0.00047988945,-0.008364507
20160714,17:30:00.000,ID000BXJSZ4,-0.031745136,-0.040340368
20160714,17:30:00.000,ID000BXNGD9,-0.000817968,0.018746406
20160714,17:30:00.000,ID000BXPWF0,0.0056808814,0.008359737
20160714,17:30:00.000,ID000BXRMP9,8.2553874e-05,0.0022197478
20160714,17:30:00.000,ID000BY20V5,0.011456788,0.027052397
20160714,17:30:00.000,ID000BYLHP4,-0.00022720304,0.01932548
20160714,17:30:00.000,ID000BYVJ33,-0.011603535,-0.0008768939
20160714,17:30:00.000,ID000BYWWW1,-0.0076685376,0.0041712215
20160714,17:30:00.000,ID000BZ1Z64,8.4288076e-05,0.0048907544
20160714,17:30:00.000,ID000BZ6048,0.00018870286,-0.011899195
20160714,17:30:00.000,ID000BZG270,-0.00016994486,-0.0016307784
20160714,17:30:00.000,ID000BZT267,0.0006598156,-0.016212573
20160714,17:30:00.000,ID000BZWM96,-0.0008632252,0.013545141
20160714,17:30:00.000,ID000BZYRS2,-0.0001731117,0.0075710816
20160714,17:30:00.000,ID000BZZ7W0,0.004467259,0.011940293
20160714,17:30:00.000,ID000BZZK79,-0.09036369,-0.1140334
20160714,17:30:00.000,ID000C02Z87,0.0014903013,-0.0116188405
20160714,17:30:00.000,ID000C03WJ1,0.028251406,0.030716725
20160714,17:30:00.000,ID000C04CZ6,-0.0016924181,0.01563814
20160714,17:30:00.000,ID000C04FX1,0.0009689535,0.03635953
20160714,17:30:00.000,ID000C059M6,0.0004714922,-0.0035028316
20160714,17:30:00.000,ID000C05R19,-0.010399938,-0.0144847855
20160714,17:30:00.000,ID000C0LH31,0.00057349686,-0.011528996
20160714,17:30:00.000,ID000C0M876,0.0008288929,-0.015187171
20160714,17:30:00.000,ID000C0TD50,-0.00865279,0.0035805283
20160714,17:30:00.000,ID000C0V0Z2,-0.015496935,-0.0010579824
20160714,17:30:00.000,ID000C0XM55,0.028470717,0.04143717
20160714,17:30:00.000,ID000C0YDJ9,0.0010202939,-0.016520279
20160714,17:30:00.000,ID000C0YGB0,0.0033736927,-0.011683071
20160714,17:30:00.000,ID000C1HSN8,-0.0003709909,0.00445479
20160714,17:30:00.000,ID000C1M473,1.360332e-05,0.003821881
20160714,17:30:00.000,ID000C1PN69,-0.013994139,-0.015846264
20160714,17:30:00.000,ID000C1Q594,0.00064643036,-0.01977665
20160714,17:30:00.000,ID000C1R619,0.00028993067,-0.011871478
20160714,17:30:00.000,ID000C1V3Z4,-0.009597622,-0.017222611
20160714,17:30:00.000,ID000C1W6R5,5.878746e-06,-0.007982758
20160714,17:30:00.000,ID000C20331,-0.0002113684,-0.006782199
20160714,17:30:00.000,ID000C21KV1,0.0028305077,-0.0033600423
20160714,17:30:00.000,ID000C21XN2,-0.0031119762,0.0035185497
20160714,17:30:00.000,ID000C2C436,0.0012962065,-0.010984238
20160714,17:30:00.000,ID000C2DQK7,0.00028200788,-0.001657989
20160714,17:30:00.000,ID000C2HXV6,-0.00044367395,0.009521425
20160714,17:30:00.000,ID000C2K259,-0.00081555627,0.017886695
20160714,17:30:00.000,ID000C2P0S3,-0.00061776466,0.002414548
20160714,17:30:00.000,ID000C2V319,0.00039690928,-0.02030906
20160714,17:30:00.000,ID000C2V6W8,-0.00013470012,-0.00432783
20160714,17:30:00.000,ID000C2VSX9,-0.00013611684,0.012378264
20160714,17:30:00.000,ID000C2WYY4,0.0046569924,0.0014718579
20160714,17:30:00.000,ID000C30552,-0.0030081363,0.00094141916
20160714,17:30:00.000,ID000C34K73,-0.0004615449,0.017853947
20160714,17:30:00.000,ID000C37MN8,-4.8149395e-05,0.008111751
20160714,17:30:00.000,ID000C38N82,-0.0037256856,-0.017927118
20160714,17:30:00.000,ID000C3J4X4,0.0063747866,-0.008262177
20160714,17:30:00.000,ID000C3M059,0.0033457517,-0.007135142
20160714,17:30:00.000,ID000C3SMF4,-6.0218394e-05,0.0033205284
20160714,17:30:00.000,ID000C3VX11,-0.0003473927,0.012362066
20160714,17:30:00.000,ID000C3VY28,-0.00022846027,0.01139779
20160714,17:30:00.000,ID000C3YBM3,0.00075915665,-0.016366512
20160714,17:30:00.000,ID000C41VP0,0.017631225,0.01679368
20160714,17:30:00.000,ID000C4DNY5,-0.00032899634,0.0020737764
20160714,17:30:00.000,ID000C4K9S5,-0.0024977431,-0.0011490787
20160714,17:30:00.000,ID000C4W9D8,-0.019572422,-0.013490628
20160714,17:30:00.000,ID000C5XT13,-0.0035165364,0.0025422114
20160714,17:30:00.000,ID000C68VC2,-0.0007959165,0.0051210006
20160714,17:30:00.000,ID000C6K5W3,-0.0045195688,-0.016623141
20160714,17:30:00.000,ID000C6XDQ9,-0.00025436404,0.0013415875
20160714,17:30:00.000,ID000C7X325,-0.036247835,-0.045534413
20160714,17:30:00.000,ID000C8L0S4,0.013096018,0.024303487
20160714,17:30:00.000,ID000C9S6S2,-0.00022963205,0.00074664305
20160714,17:30:00.000,ID000CBQ7S7,0.00023409691,0.009209033
20160714,17:30:00.000,ID000CBZN20,-0.023553167,-0.027166493
20160714,17:30:00.000,ID000CC2BV8,0.00012313244,-0.008678064
20160714,17:30:00.000,ID000CCVZZ9,-0.0019314787,0.022839243
20160714,17:30:00.000,ID000CCYKT6,-0.018238049,-0.007992954
20160714,17:30:00.000,ID000CDZNC5,0.00023075612,-0.0013514836
20160714,17:30:00.000,ID000CGDKG4,0.0003825112,-0.0067590782
20160714,17:30:00.000,ID000CGWPH1,-0.00019839992,0.0029358005
20160714,17:30:00.000,ID000CHWG16,-0.00032799918,0.017933326
20160714,17:30:00.000,ID000CKDZV5,-0.0069782557,-0.016056126
20160714,17:30:00.000,ID000CKYDB3,0.00034048513,-0.002416319
20160714,17:30:00.000,ID000CLKVQ0,0.0077818306,0.011314541
20160714,17:30:00.000,ID000CMY116,0.009783251,0.041018058
20160714,17:30:00.000,ID000CNV8Z5,-0.009823058,-0.01343699
20160714,17:30:00.000,ID000CPBD63,-0.00014871098,5.269408e-05
20160714,17:30:00.000,ID000CPGPH9,0.00016521061,-0.0044103097
20160714,17:30:00.000,ID000CRQVF3,0.0014100136,0.012288342
20160714,17:30:00.000,ID000CS49H2,0.021692593,0.03732282
20160714,17:30:00.000,ID000CSHJ86,0.00044756016,-0.012555721
20160714,17:30:00.000,ID000CSHL18,-0.00043140192,-0.00038795662
20160714,17:30:00.000,ID000CT5G92,0.0023200163,-0.015846578
20160714,17:30:00.000,ID000CTT0J0,-0.0042220075,0.0017574292
20160714,17:30:00.000,ID000CVSV53,-0.00016722137,0.008296412
20160714,17:30:00.000,ID000CYR5S0,-0.0003201433,-0.0017456809
20160714,17:30:00.000,ID000D03WR1,-0.006451515,-0.022712208
20160714,17:30:00.000,ID000D14Y85,-0.0005807293,-0.00014622744
20160714,17:30:00.000,ID000D16BC8,-0.00022356199,0.001355874
20160714,17:30:00.000,ID000D1FGT9,0.00031095732,-0.013064651
20160714,17:30:00.000,ID000D2PYX2,0.004370728,0.023546372
20160714,17:30:00.000,ID000D32Q35,-0.003520834,-0.010871543
20160714,17:30:00.000,ID000D54HT0,-0.0024200848,0.012706065
20160714,17:30:00.000,ID000D8KQ89,0.004197232,0.013203298
20160714,17:30:00.000,ID000D9L3W0,0.0053280345,0.0022575725
20160714,17:30:00.000,ID000D9T3K5,0.00034551643,-0.012701681
20160714,17:30:00.000,ID000DBNN31,-0.00017677002,-0.0015462745
20160714,17:30:00.000,ID000DCK8W3,0.00054617634,0.0093151685
20160714,17:30:00.000,ID000DD3GQ9,0.005315706,0.016279856
20160714,17:30:00.000,ID000DD5WS0,-0.006481898,0.0048744148
20160714,17:30:00.000,ID000DDXHG5,-0.00030219572,0.01194675
20160714,17:30:00.000,ID000DHXQT2,-0.0043509635,-0.0055679013
20160714,17:30:00.000,ID000DLQDF5,-0.00026623128,-0.00018884588
20160714,17:30:00.000,ID000DM2M32,-0.00064332265,0.0051668608
20160714,17:30:00.000,ID000DM6PM0,-0.0007562539,0.009710379
20160714,17:30:00.000,ID000DMFMD7,0.00041279595,-0.0034644438
20160714,17:30:00.000,ID000DMWXM4,0.00094300834,-0.01869446
20160714,17:30:00.000,ID000DMZS88,-0.011295205,0.0052174795
20160714,17:30:00.000,ID000DPM8Q9,-0.035580706,-0.031749383
20160714,17:30:00.000,ID000DQ77T3,-0.00012747357,0.0025081087
20160714,17:30:00.000,ID000DQ7TG9,0.000119195036,-0.0012878389
20160714,17:30:00.000,ID000DQSH27,7.603259e-05,-0.008117251
20160714,17:30:00.000,ID000DVB6K8,-2.0040263e-06,-0.0018488971
20160714,17:30:00.000,ID000DVJ5K2,-0.0005428627,0.017038144
20160714,17:30:00.000,ID000DW75D1,0.011617263,0.00993163
20160714,17:30:00.000,ID000DX14M8,0.0005524491,-0.012218546
20160714,17:30:00.000,ID000DXH432,-0.0012697444,-0.0065686214
20160714,17:30:00.000,ID000DZ5L87,-0.00028728924,0.00395231
20160714,17:30:00.000,ID000DZG349,-0.0017984839,0.009877633
20160714,17:30:00.000,ID000F09217,-0.0003740498,-0.0001969976
20160714,17:30:00.000,ID000F45Y40,-0.013401621,0.008397211
20160714,17:30:00.000,ID000F4LHP6,0.022364987,0.041154075
20160714,17:30:00.000,ID000F5L3Q3,-0.00020006964,0.0048086527
20160714,17:30:00.000,ID000F5P2F3,0.00041246382,-0.0071126274
20160714,17:30:00.000,ID000F79RP1,-0.016321326,-0.015925454
20160714,17:30:00.000,ID000F7KW95,-9.333714e-05,0.008029395
20160714,17:30:00.000,ID000F8TYC6,0.00042523336,-0.005049466
20160714,17:30:00.000,ID000F8Z6P6,0.00021843726,0.0028893354
20160714,17:30:00.000,ID000F93K14,-0.0004842347,0.025084838
20160714,17:30:00.000,ID000FBCBB8,0.0035383245,0.016386019
20160714,17:30:00.000,ID000FBCLZ0,-0.006087095,-0.005123802
20160714,17:30:00.000,ID000FBNFK7,-0.0002920638,-0.008155577
20160714,17:30:00.000,ID000FCM1N4,-0.00031693382,0.017527824
20160714,17:30:00.000,ID000FD8FS2,0.0078333635,0.0019120921
20160714,17:30:00.000,ID000FF3QZ0,-0.0002987611,0.0019339384
20160714,17:30:00.000,ID000FG1LV5,0.0074043614,-0.014630509
20160714,17:30:00.000,ID000FH5W54,0.0004991532,-0.014672652
20160714,17:30:00.000,ID000FHTNS3,-0.0002064578,-0.018130818
20160714,17:30:00.000,ID000FHZ630,-0.0009235319,0.017579265
20160714,17:30:00.000,ID000FHZBB0,-0.0011203343,0.020670548
20160714,17:30:00.000,ID000FJH6R0,-0.008496102,0.012525621
20160714,17:30:00.000,ID000FMPVW3,0.0005822439,-0.003986534
20160714,17:30:00.000,ID000FNBYB3,0.0003554941,-0.014975273
20160714,17:30:00.000,ID000FNNYL9,-0.0002564993,-0.016824326
20160714,17:30:00.000,ID000FQP7Q4,0.00025112662,-0.0044534625
20160714,17:30:00.000,ID000FQS3G1,-4.1996464e-05,-0.010066319
20160714,17:30:00.000,ID000FR1Q22,-0.0029976424,-0.009760948
20160714,17:30:00.000,ID000FT9S80,-0.0003566247,0.010616291
20160714,17:30:00.000,ID000FV67D8,-0.0011241541,-0.019581914
20160714,17:30:00.000,ID000FX2H28,0.017235283,0.012615065
20160714,17:30:00.000,ID000FYF662,-0.00027346125,0.010355949
20160714,17:30:00.000,ID000FYX2H9,0.0004718939,-0.0055461456
20160714,17:30:00.000,ID000G1VQF1,-0.00041939924,0.01402814
20160714,17:30:00.000,ID000G4KJC6,0.101410046,0.10562847
20160714,17:30:00.000,ID000G6J4S9,-0.0005750635,0.0079247095
20160714,17:30:00.000,ID000G9LML7,-0.018543525,-0.0044861436
20160714,17:30:00.000,ID000GB7900,-0.00078301236,-0.0040763267
20160714,17:30:00.000,ID000GFPVK0,-0.00042041056,0.016721627
20160714,17:30:00.000,ID000GM5V54,-0.0020297195,-3.148116e-07
20160714,17:30:00.000,ID000GM9940,-0.0006193842,0.0027782791
20160714,17:30:00.000,ID000GM9C07,-0.0004055712,0.013353432
20160714,17:30:00.000,ID000GP1HQ9,0.00046492086,-0.011046308
20160714,17:30:00.000,ID000GQH568,6.26172e-05,-0.009231059
20160714,17:30:00.000,ID000GVXBH4,9.0047186e-05,0.007903171
20160714,17:30:00.000,ID000GY6V57,-0.00034603663,0.0018364926
20160714,17:30:00.000,ID000GZ0GF2,0.00023771287,-0.013651869
20160714,17:30:00.000,ID000H291V0,0.0002362991,-0.00079500786
20160714,17:30:00.000,ID000H2BF55,-0.009464895,0.028194852
20160714,17:30:00.000,ID000H4S5W5,-0.0042035305,-0.0013829386
20160714,17:30:00.000,ID000H50NB6,0.0027067377,-0.0025028836
20160714,17:30:00.000,ID000H729M9,-0.00033700874,-0.0045461375
20160714,17:30:00.000,ID000H7G3V7,0.0002772066,0.015222178
20160714,17:30:00.000,ID000H90QG6,-0.00095860823,0.011035668
20160714,17:30:00.000,ID000HF3Y54,0.008846452,0.004358477
20160714,17:30:00.000,ID000HFPD29,-0.00019730542,-0.0038261437
20160714,17:30:00.000,ID000HH0HR6,-0.0033872183,-0.012229781
20160714,17:30:00.000,ID000HHBQD9,-0.0005490489,-0.0023807448
20160714,17:30:00.000,ID000HHH3S8,-0.0013915538,-0.007698013
20160714,17:30:00.000,ID000HJTKL0,0.01621434,0.018030463
20160714,17:30:00.000,ID000HKMFG1,-0.0027181753,0.008800487
20160714,17:30:00.000,ID000HL0067,0.0005450527,-0.006560501
20160714,17:30:00.000,ID000HLFD90,0.008909303,0.0025493475
20160714,17:30:00.000,ID000HST070,0.00040624582,0.0067490092
20160714,17:30:00.000,ID000HT2H25,-0.0015174629,0.0019153479
20160714,17:30:00.000,ID000HW0214,0.0002079326,-0.00014028994
20160714,17:30:00.000,ID000HXJ2N8,-6.2094405e-05,0.0069764466
20160714,17:30:00.000,ID000J355C2,7.6544e-05,0.00066254375
20160714,17:30:00.000,ID000J93ZS8,-0.00017096847,-0.008418692
20160714,17:30:00.000,ID000J9PL96,-0.0049941665,0.0010750742
20160714,17:30:00.000,ID000JDLX22,-0.0003060578,-0.0018136273
20160714,17:30:00.000,ID000JJQTP8,-0.005579042,-0.0057087103
20160714,17:30:00.000,ID000JKR6K9,-9.4849354e-05,0.0026371568
20160714,17:30:00.000,ID000JKZFQ4,-0.0006987769,-0.013054635
20160714,17:30:00.000,ID000JN9C93,-0.0004621357,0.0071578114
20160714,17:30:00.000,ID000JNDVB3,0.0039646006,0.0029379337
20160714,17:30:00.000,ID000JQF0D0,-0.00010618051,-0.008896871
20160714,17:30:00.000,ID000JT2P43,-0.007894999,-0.026348382
20160714,17:30:00.000,ID000JX4JW5,-0.00014330764,-0.0030389316
20160714,17:30:00.000,ID000K00HV4,-0.0008128171,0.012989094
20160714,17:30:00.000,ID000K1QKV7,0.011621549,0.007647225
20160714,17:30:00.000,ID000K2DLL8,-0.0020804768,0.007168516
20160714,17:30:00.000,ID000K65GY5,-0.0008631219,0.014376064
20160714,17:30:00.000,ID000K79NK9,-9.685682e-05,0.007845198
20160714,17:30:00.000,ID000KDG6T6,-0.00066747545,0.013146436
20160714,17:30:00.000,ID000KJS3T7,6.350395e-05,0.0044195917
20160714,17:30:00.000,ID000KL72Y1,-0.0201583,-0.030393662
20160714,17:30:00.000,ID000KR9YG6,5.93819e-05,-0.011765123
20160714,17:30:00.000,ID000KRXV57,-5.3983986e-05,-0.0050778855
20160714,17:30:00.000,ID000KXQMX1,0.0008232584,-0.023943774
20160714,17:30:00.000,ID000KXS3S7,0.0014831054,0.018641388
20160714,17:30:00.000,ID000L0JMY9,-0.0010435292,0.014195656
20160714,17:30:00.000,ID000LCKBR3,5.562373e-05,-0.0077649094
20160714,17:30:00.000,ID000LHT3W5,-0.00018001074,-0.0015921824
20160714,17:30:00.000,ID000LW3MC0,-0.0012315973,0.013129368
20160714,17:30:00.000,ID000LWNWP2,-0.000493709,0.0031390232
20160714,17:30:00.000,ID000LXHQ25,-0.000119605465,0.0033244665
20160714,17:30:00.000,ID000M2VPB8,-0.014546744,-0.004215349
20160714,17:30:00.000,ID000M3HZF6,-0.0001914775,-0.009750286
20160714,17:30:00.000,ID000M3SN89,-0.00034608247,-0.00065131875
20160714,17:30:00.000,ID000MDN4R3,-0.008799606,0.005537837
20160714,17:30:00.000,ID000MF6B19,0.050874352,0.066362925
20160714,17:30:00.000,ID000MFRDQ5,0.0007219614,-0.017608387
20160714,17:30:00.000,ID000MLFDZ5,0.0012737903,-0.0034788884
20160714,17:30:00.000,ID000MM8ZX4,6.569208e-05,-0.022727981
20160714,17:30:00.000,ID000MPPCP8,-0.014292546,-0.028850114
20160714,17:30:00.000,ID000MT6W40,-0.009143035,0.018788591
20160714,17:30:00.000,ID000N0B153,-2.6736427e-05,0.005839631
20160714,17:30:00.000,ID000N17TD6,5.6737572e-05,0.0036851168
20160714,17:30:00.000,ID000N2BZ81,0.013864362,0.02461092
20160714,17:30:00.000,ID000N4B6Z1,-0.0018288427,0.003123094
20160714,17:30:00.000,ID000N57Q34,-0.0034594059,0.0023555595
20160714,17:30:00.000,ID000N8GHT0,0.001913803,-0.004934253
20160714,17:30:00.000,ID000NCTVD3,-0.0058649858,0.01114399
20160714,17:30:00.000,ID000ND1Y18,-7.730467e-05,-0.012690965
20160714,17:30:00.000,ID000NH2QV2,-0.00035226956,0.0007101697
20160714,17:30:00.000,ID000NJGLM4,-0.0056034266,0.009249316
20160714,17:30:00.000,ID000NK6KD4,-0.0018553062,-0.0049669016
20160714,17:30:00.000,ID000NKFQC2,-9.7283715e-05,-0.0060610957
20160714,17:30:00.000,ID000NPC987,9.353733e-05,0.012450577
20160714,17:30:00.000,ID000NQV2C4,0.00016611475,-0.0043724217
20160714,17:30:00.000,ID000NQWJL6,-0.00076049264,0.003208146
20160714,17:30:00.000,ID000NQXR55,0.00028549106,-0.007981871
20160714,17:30:00.000,ID000NSV604,-0.00027187425,0.0028134058
20160714,17:30:00.000,ID000NSXPT9,-0.017577436,-0.024956716
20160714,17:30:00.000,ID000P2BT47,-0.0003078288,-0.008827657
20160714,17:30:00.000,ID000P3KVK2,-6.135474e-05,0.0005941571
20160714,17:30:00.000,ID000P3R5F8,-0.0007078946,0.008467388
20160714,17:30:00.000,ID000P48N13,0.00018956314,-0.007941038
20160714,17:30:00.000,ID000P5DR42,-0.0048992927,-0.0022332424
20160714,17:30:00.000,ID000P5YR21,-0.00033097036,0.006374748
20160714,17:30:00.000,ID000P78VN4,0.00092552963,-0.008555516
20160714,17:30:00.000,ID000PFYVK0,-0.015850114,-0.02479273
20160714,17:30:00.000,ID000PG2G17,-0.008592312,-0.008831758
20160714,17:30:00.000,ID000PJ8DQ5,-0.0007135985,0.018855281
20160714,17:30:00.000,ID000PK2ZM3,-0.004860537,-0.0032890195
20160714,17:30:00.000,ID000PK8MG3,0.010053225,0.032716416
20160714,17:30:00.000,ID000PLZQH1,-0.0018181863,-0.008756117
20160714,17:30:00.000,ID000PM21L5,-3.1763604e-05,0.0068906224
20160714,17:30:00.000,ID000PN3YM9,0.0014217698,0.013530513
20160714,17:30:00.000,ID000PP58Y6,-0.020385688,-0.008173596
20160714,17:30:00.000,ID000PPDXX3,0.00028226618,-0.00667671
20160714,17:30:00.000,ID000PQKTQ0,-0.0012798954,0.0038970099
20160714,17:30:00.000,ID000PRGVZ8,0.0007275314,-0.007271274
20160714,17:30:00.000,ID000PRWXJ4,-0.0052283504,-0.020335412
20160714,17:30:00.000,ID000PVLRP3,0.00021123036,-0.018714694
20160714,17:30:00.000,ID000PYLP80,-0.0027228652,-0.0006081081
20160714,17:30:00.000,ID000Q49WZ4,0.042730495,0.04393941
20160714,17:30:00.000,ID000Q4S289,-0.00020324494,0.0011110067
20160714,17:30:00.000,ID000Q64F54,-0.00017178991,-0.016504755
20160714,17:30:00.000,ID000Q7BSQ3,0.014290105,0.0014053908
20160714,17:30:00.000,ID000Q7GD09,0.0004720408,-0.003670703
20160714,17:30:00.000,ID000Q94ZV5,0.0051066373,0.004857239
20160714,17:30:00.000,ID000Q9TVP4,-0.0060652825,0.011710142
20160714,17:30:00.000,ID000QB04X1,0.000121883524,-0.0011661875
20160714,17:30:00.000,ID000QC0N21,0.0031254687,0.002765471
20160714,17:30:00.000,ID000QC7FM9,-0.018572664,-0.02338731
20160714,17:30:00.000,ID000QCSZR7,-0.00435052,-0.00057754316
20160714,17:30:00.000,ID000QDB5J8,-0.0008087088,0.00880175
20160714,17:30:00.000,ID000QDC320,0.15180199,0.14203633
20160714,17:30:00.000,ID000QDCWV4,0.00059221126,-0.0035844904
20160714,17:30:00.000,ID000QF8RS9,-0.0002600433,0.0023941915
20160714,17:30:00.000,ID000QGFZL8,0.00026917606,-0.008781317
20160714,17:30:00.000,ID000QGZPH3,0.009223623,0.015659746
20160714,17:30:00.000,ID000QH2MN7,0.00015811306,-0.00020981241
20160714,17:30:00.000,ID000QJ5PT7,-0.00021539906,-0.002945143
20160714,17:30:00.000,ID000QK15P6,0.010548448,-0.0036204392
20160714,17:30:00.000,ID000QLKZD0,6.64001e-05,0.0037880647
20160714,17:30:00.000,ID000QLTYJ8,0.0001225664,-0.0057103764
20160714,17:30:00.000,ID000QMPFL8,-0.000651486,0.0073603694
20160714,17:30:00.000,ID000QQCVC8,-0.00011126184,-0.00012435584
20160714,17:30:00.000,ID000QSDXN7,9.938393e-05,8.9775225e-05
20160714,17:30:00.000,ID000QTWZ31,-0.00050562783,0.0051696696
20160714,17:30:00.000,ID000QX19J7,-0.0021477654,-0.005413573
20160714,17:30:00.000,ID000QX7NK8,0.00012551788,-0.004051184
20160714,17:30:00.000,ID000R0F0X6,-0.0002607826,-0.000376599
20160714,17:30:00.000,ID000R1Z874,-0.015291361,0.00080342515
20160714,17:30:00.000,ID000R2PQD6,0.00028361168,0.012558501
20160714,17:30:00.000,ID000RJ13V6,-0.012629891,-0.018587492
20160714,17:30:00.000,ID000RJM478,0.00030729666,-0.010348242
20160714,17:30:00.000,ID000RRRLH6,-0.00046103366,0.005315417
20160714,17:30:00.000,ID000RSPBY9,-0.00011358214,-0.009842636
20160714,17:30:00.000,ID000T0DSH3,0.00055893575,0.0014630911
20160714,17:30:00.000,ID000T71K97,-0.00017906025,0.0011729237
20160714,17:30:00.000,ID000TFZP37,-0.0008618921,0.0034935612
20160714,17:30:00.000,ID000TG1N00,8.102325e-05,-0.014180721
20160714,17:30:00.000,ID000TVW0H5,-2.2518747e-05,0.0063668424
20160714,17:30:00.000,ID000V22RX2,0.0001971186,-0.0058019697
20160714,17:30:00.000,ID000V4WX80,-0.015534414,0.0016827757
20160714,17:30:00.000,ID000VGFVT3,-0.0006662686,-0.0026814288
20160714,17:30:00.000,ID000VH0T67,-0.010084756,-0.017156208
20160714,17:30:00.000,ID000W3MPK5,0.0029213962,0.006293804
20160714,17:30:00.000,ID000W90780,-0.0003053284,-0.004983642
20160714,17:30:00.000,ID0015QF8P3,-0.0009044876,0.009521688
20160714,17:30:00.000,ID0018QZN66,-2.5450887e-05,-0.013879162
20160714,17:30:00.000,ID0019WXH85,4.2125357e-05,0.0017788926
20160714,17:30:00.000,ID001BQZ142,0.00016114781,0.013484217
20160714,17:30:00.000,ID001DNWP10,0.00029496668,0.026426388
20160714,17:30:00.000,ID001LRJQB4,-0.00033515305,0.01863843
20160714,17:30:00.000,ID001MM1KT7,-0.016462253,-0.0061410246
20160714,17:30:00.000,ID001P1Z4F4,-0.00071858463,0.0047572167
20160714,17:30:00.000,ID001QCR6S9,-0.00027755345,0.0051686517
20160714,17:30:00.000,ID001QXTNL1,0.004042028,0.0071177664
20160714,17:30:00.000,ID001R34D26,0.02264378,0.041829173
20160714,17:30:00.000,ID001XVXHF2,0.006975469,0.0019673582
20160714,17:30:00.000,ID0025RP8D1,0.012592686,-0.0013390271
20160714,17:30:00.000,ID0027J63S3,0.008254039,0.018063081
20160714,17:30:00.000,ID002CR6DZ9,0.026591115,0.038042028
20160714,17:30:00.000,ID002GJZV45,0.0009903454,-0.013079204
20160714,17:30:00.000,ID002VYCS92,0.015767047,0.007481366
20160714,17:30:00.000,ID002XQH5N6,0.00019136925,-0.011432951
20160714,17:30:00.000,ID0032JYVT2,-0.008534715,-0.0041136215
20160714,17:30:00.000,ID003368RL5,-2.39622e-05,0.008564617
20160714,17:30:00.000,ID003FD8YQ7,-0.013489675,-0.026839375
20160714,17:30:00.000,ID003FH03L9,-0.00077986607,0.019853238
20160714,17:30:00.000,ID003G4DHL2,-0.0022357744,-0.0006945124
20160714,17:30:00.000,ID003GW1860,-0.005956276,-0.013318398
20160714,17:30:00.000,ID003T0P9C1,-0.007749199,-0.003079295
20160714,17:30:00.000,ID003T4KGT4,0.013709579,-0.0065648616
20160714,17:30:00.000,ID003T4Y470,0.00032387662,-0.010290132
20160714,17:30:00.000,ID00423N060,0.007424516,0.010171312
20160714,17:30:00.000,ID0042FK271,-6.0013903e-05,0.0082951365
20160714,17:30:00.000,ID00443M586,-0.033548787,-0.03756924
20160714,17:30:00.000,ID004D7WJX8,-0.00028166737,0.0032345115
20160714,17:30:00.000,ID004MGY0Y6,0.0167501,-0.0046666055
20160714,17:30:00.000,ID004V7D7P4,-0.01469538,-0.010709659
20160714,17:30:00.000,ID005CM0YM7,0.0056705493,0.007909328
20160714,17:30:00.000,ID005GBMMQ5,-0.002147785,-0.017746883
20160714,17:30:00.000,ID005PTLS66,-0.0004548064,0.013083167
20160714,17:30:00.000,ID00609JYC8,0.003851853,0.0061583663
20160714,17:30:00.000,ID0060MBR69,-0.02058481,-0.02602393
20160714,17:30:00.000,ID00639ZL71,-0.0016259769,-0.010384542
20160714,17:30:00.000,ID0063G2LM4,0.019003067,0.015722126
20160714,17:30:00.000,ID0067S6N55,-0.0003373244,0.0010059536
20160714,17:30:00.000,ID0068R6WK9,0.000216071,-0.009231797
20160714,17:30:00.000,ID0069HWYH1,0.0008141618,-0.010648649
20160714,17:30:00.000,ID006FCV2N9,-0.000795109,0.013162419
20160714,17:30:00.000,ID006K4W3R4,-0.024119733,0.01438422
20160714,17:30:00.000,ID006K4W6M2,0.05431018,0.048326965
20160714,17:30:00.000,ID006KCQPS3,-0.0002471391,0.010445173
20160714,17:30:00.000,ID006KGGBL3,6.9562295e-05,-0.003026503
20160714,17:30:00.000,ID006KY40Q6,-0.00036715882,-0.009721482
20160714,17:30:00.000,ID006MFN039,0.0002565531,-0.0071397657
20160714,17:30:00.000,ID006MM96N5,-0.0002347819,0.013774052
20160714,17:30:00.000,ID006N9S3R5,0.00032903923,0.0051388894
20160714,17:30:00.000,ID006QSNH12,-2.3699546e-05,0.004897349
20160714,17:30:00.000,ID007936GV2,-0.00079282076,0.01873671
20160714,17:30:00.000,ID007F4D585,-0.012888886,-0.019822314
20160714,17:30:00.000,ID007PSVBN1,0.0010257929,-0.006377671
20160714,17:30:00.000,ID007QX0XN5,-0.00999736,-0.022085259
20160714,17:30:00.000,ID0086LKMF2,-0.025161719,-0.016517894
20160714,17:30:00.000,ID008G74Z89,-6.548647e-05,-0.020434676
20160714,17:30:00.000,ID008HL97Z4,7.06866e-05,-0.0016874399
20160714,17:30:00.000,ID0099QW3L8,0.00020366698,-0.021613153
20160714,17:30:00.000,ID009BTKR75,-0.0076337485,-3.5867316e-07
20160714,17:30:00.000,ID009HT2XL0,-0.00044677564,0.009579045
20160714,17:30:00.000,ID009R0Y011,0.000503545,-0.0052384627
20160714,17:30:00.000,ID009R3Q853,0.0005202272,-0.006673498
20160714,17:30:00.000,ID009T5PLG6,0.015623617,0.017128082
20160714,17:30:00.000,ID009YTYWV7,-0.017619211,-0.008496227
20160714,17:30:00.000,ID00B0TKM37,-0.004811247,0.0026880002
20160714,17:30:00.000,ID00B5C2SK7,0.05624929,0.04789033
20160714,17:30:00.000,ID00BM2KR59,0.0039546774,0.0104995705
20160714,17:30:00.000,ID00CBVR1P3,-0.012625909,-0.015664553
20160714,17:30:00.000,ID00CM52ZC4,-0.00049097877,0.008114977
20160714,17:30:00.000,ID00CTZ9L17,0.000244695,-0.007875148
20160714,17:30:00.000,ID00CWWYK50,0.0004647878,-0.012003541
20160714,17:30:00.000,ID00D0FS809,0.00044043834,-0.0065617063
